0,1,0,0.0635331,-0.0001598821,0.003571474,0.9979733,4.268868E-08,4.268868E-08,0,6.361108E-16,-4.268868E-08,-4.268868E-08,-2.544443E-14,8.537736E-07,-1.707547E-07,-1.536792E-06,8.53774E-08,8.537736E-08,5.976414E-07,-4.695754E-07,8.537734E-08,0,0,0,0,0,0,0.6000015,9.122201E-07,8.838912E-07,0.9999998,1.238358E-08,-3.375607E-06,-7.47055E-07,1.430871E-06,0.6000021,9.587E-08,-1.237448E-06,0.9999998,0.5108351,-2.684851E-06,-3.130503E-06,2.41191E-07,-2.981092E-06,-1.181053E-06,1.045496E-05,0.300001,-1.276731E-06,0.9999999,-7.182474E-07,-1.263868E-05,-6.051118E-06,9.60495E-08,0,1.028161E-05,0.3000013,-8.053227E-07,0.9999999,-9.6321E-07,-1.164067E-05,-5.859029E-06,-0.9999992,5.844123E-07,-0.9999992,-0.9999999,-1,-4.152448E-08,-1,-0.9999995,-0.9999999,4.319576E-07,-1,-0.9999989,-0.9999999,-4.477732E-07,-1,-1.000001,-0.9999958,-9.975224E-07,-1,-0.9999989,-0.9999956,-7.42472E-07,-0.999998,-0.999999,-0.9999999,1.114065E-07,-1,-0.9999997,-0.9999999,4.231919E-09,-1.000001,-0.9999988,-0.9999956,1.10962E-07,-1,-1,-0.9999995,-3.843679E-08,-0.9999991,-1.000001,-0.04224087,-0.209148,-0.0258292,0.9766298,-0.03475545,-0.001315583,0.03526489,0.9987727,0.02495438,0.06583599,-0.5868555,0.8066248,0.1059772,-0.1849795,-0.5777417,0.7878871,9.774937E-09,0.01418314,9.003233E-11,1.646304E-09,0.01418314,4.501621E-11,8.231591E-10,0.02861735,-4.115763E-10,-4.115688E-10,0.02861733,1.234728E-09,
0,1,0,0.04486182,-0.09798404,0.02445554,0.9938754,4.268868E-08,4.268868E-08,0,-0.3443731,0.02906296,-1.462039E-06,-0.1001375,-0.1970059,0.9765743,-6.830188E-07,8.537732E-08,-1.28066E-07,1.28066E-06,-4.268942E-08,1.664858E-06,0,0,0,0,0,0,0.3434125,-0.02377277,-0.2589793,0.6003315,0.1649838,-0.3939316,-0.2697629,1.430871E-06,0.6189501,-0.2826145,-0.8453578,0.737393,1.142282,-0.2376404,-0.4492975,3.615197E-08,3.735259E-08,-4.446737E-08,0.04153867,-0.4053394,0.4058406,-0.195713,0.740943,-0.02972338,0.4055189,6.047561E-08,7.399369E-07,-0.2679667,-0.7019092,0.3680256,0.2010634,-0.06186547,-0.1707111,1.0059,-0.9999992,5.844123E-07,-0.9999992,-0.9999999,-0.9999987,-1.240017E-06,-1.000001,-0.9999995,-0.9999998,1.50537E-06,-1,-0.9999989,-0.9999999,-4.477732E-07,-0.9999996,-1.000001,-0.9999977,-1.377554E-06,-1,-0.9999998,-0.9999992,-6.935553E-07,-0.9999966,-0.9999993,-0.9999999,1.114065E-07,-1,-0.9999991,-0.9999999,1.421516E-06,-1.000001,-0.9999972,-0.9999976,-2.31067E-08,-1,-1,-0.9999996,3.791308E-07,-0.9999998,-1,-0.1688354,0.07352504,0.06180592,0.980953,-0.3861195,0.03598694,-0.02402632,0.9214333,0.03446401,0.156345,-0.7145649,0.6810033,0.1937514,-0.4094611,-0.6383516,0.6223418,9.774937E-09,0.01418314,9.003233E-11,1.646304E-09,0.01418314,4.501621E-11,8.231591E-10,0.02861735,-4.115763E-10,-4.115688E-10,0.02861733,1.234728E-09,
0,1,0,0.04198158,-0.09795305,0.02195894,0.9940627,4.268868E-08,4.695754E-07,4.268867E-08,-0.3618306,0.01650838,-1.635221E-06,-0.07637731,-0.1916416,0.9890266,-1.024528E-06,1.707547E-07,0,-3.84199E-07,-9.818392E-07,2.561321E-06,0,0,0,0,0,0,0.3518455,-0.03184565,-0.2594589,0.5952393,0.1664529,-0.4090273,-0.2587489,1.430871E-06,0.6226584,-0.2755571,-0.8380594,0.734615,1.136745,-0.237238,-0.4698371,3.615197E-08,1.245087E-08,-1.149037E-06,0.03969875,-0.4015561,0.395157,-0.210994,0.7397541,-0.01726714,0.4228298,-1.437185E-06,5.691821E-08,-0.2739303,-0.6927757,0.3750767,0.1568681,-0.04849101,-0.2034993,1.063859,-0.9999994,-1.264818E-07,-0.9999992,-0.9999996,-0.9999999,-1.283527E-06,-1.000001,-0.9999995,-0.9999998,1.50537E-06,-1,-0.9999989,-1,-2.770666E-06,-1,-1.000001,-0.9999961,-1.30416E-06,-1,-0.9999989,-0.9999956,-6.037609E-07,-0.9999939,-0.999998,-0.9999996,0,-1,-0.9999991,-0.9999996,4.231932E-09,-1,-0.9999985,-0.9999956,1.10962E-07,-1,-0.9999995,-0.9999996,3.791308E-07,-0.9999998,-1,-0.1777258,0.07311969,0.05618077,0.9797505,-0.4063893,0.03250566,-0.04400513,0.9120607,0.03114152,0.1552147,-0.7192272,0.676499,0.187751,-0.4101943,-0.6402256,0.6217729,9.774937E-09,0.01418314,9.003233E-11,1.646304E-09,0.01418314,4.501621E-11,8.231591E-10,0.02861735,-4.115763E-10,-4.115688E-10,0.02861733,1.234728E-09,
0,1,0,0.04223308,-0.09814549,0.02031853,0.9940679,4.268868E-08,4.268868E-08,0,-0.3439204,0.02796924,-1.634006E-06,-0.1167144,-0.2203078,1.004213,-1.024528E-06,1.707547E-07,0,2.134437E-07,7.68396E-07,1.109905E-06,0,0,0,0,0,0,0.3511893,-0.04092186,-0.2578675,0.5860912,0.1671386,-0.4212129,-0.2492036,4.058759E-07,0.6196678,-0.2690861,-0.8355514,0.7330895,1.134233,-0.2311248,-0.4788131,-3.74393E-07,-2.981092E-06,-1.181053E-06,0.04173021,-0.3936352,0.3832788,-0.235953,0.7253799,-0.006500447,0.4347479,-1.437185E-06,5.691821E-08,-0.2829847,-0.6858129,0.3875011,0.09435698,-0.04558341,-0.2326809,1.163085,-0.9999994,-1.264818E-07,-0.9999995,-0.999999,-0.9999999,-1.283527E-06,-1,-0.9999995,-0.9999997,5.362912E-06,-1,-0.9999989,-1,-2.770666E-06,-0.9999996,-1.000001,-0.9999963,-3.026788E-06,-0.9999997,-0.9999991,-0.9999992,-6.935553E-07,-0.999997,-0.999999,-0.9999999,1.114065E-07,-1,-0.9999991,-0.9999999,1.421516E-06,-1.000001,-0.9999988,-0.9999956,1.10962E-07,-1.000001,-0.9999989,-0.9999995,-3.843679E-08,-0.9999998,-1,-0.1847,0.06767487,0.04994424,0.9791892,-0.4387371,0.0326483,-0.05692399,0.8962162,0.02847356,0.1540432,-0.7229647,0.6728908,0.1841435,-0.4110519,-0.6393679,0.6231663,9.774937E-09,0.01418314,9.003233E-11,1.646304E-09,0.01418314,4.501621E-11,8.231591E-10,0.02861735,-4.115763E-10,-4.115688E-10,0.02861733,1.234728E-09,
0,1,0,0.0326632,-0.09833696,0.01811165,0.9944521,4.268868E-08,4.695754E-07,4.268867E-08,-0.3989958,0.03235503,-6.897404E-07,-0.01262993,-0.2475797,1.067606,-1.536792E-06,8.53774E-08,8.537736E-08,9.818394E-07,-4.268869E-07,4.695754E-07,0,0,0,0,0,0,0.3749768,-0.04897042,-0.2589707,0.5770012,0.1678507,-0.4578986,-0.2386638,1.430871E-06,0.6448861,-0.2614343,-0.8477763,0.736181,1.141059,-0.2407667,-0.5108378,2.41191E-07,-3.806408E-07,7.013393E-06,0.03862143,-0.3767056,0.3699512,-0.2596624,0.7201126,-0.01124225,0.4185455,-5.915938E-06,-1.366038E-06,-0.2904384,-0.682254,0.3964148,0.05812998,-0.02961433,-0.2625336,1.213221,-0.9999992,5.844123E-07,-0.9999995,-0.9999999,-0.9999999,-1.283527E-06,-1,-0.9999998,-0.9999998,4.181873E-06,-1,-0.9999989,-1,-2.770666E-06,-1,-1.000001,-0.9999977,-1.377554E-06,-1.000001,-0.9999989,-0.9999992,-6.935553E-07,-0.999998,-0.999998,-0.9999996,5.4167E-07,-1,-0.9999997,-0.9999996,4.231932E-09,-1.000001,-0.9999997,-0.9999958,1.469505E-06,-1,-1,-0.9999995,-3.843679E-08,-0.9999998,-1,-0.1784361,0.06576286,0.0504294,0.9804554,-0.4550562,0.02802756,-0.07544926,0.8868178,0.02463237,0.1528834,-0.7338709,0.6614026,0.1809245,-0.4155548,-0.6436788,0.6166509,9.774937E-09,0.01418314,9.003233E-11,1.646304E-09,0.01418314,4.501621E-11,8.231591E-10,0.02861735,-4.115763E-10,-4.115688E-10,0.02861733,1.234728E-09,
0,1,0,0.0002579987,-0.09666185,0.01401801,0.9952185,4.268868E-08,4.268868E-08,0,-0.5258588,0.01535061,-5.210243E-07,0.2226615,-0.2861275,1.148801,-1.024528E-06,1.707547E-07,0,9.391505E-07,-5.976418E-07,1.152594E-06,0,0,0,0,0,0,0.4583489,-0.0541822,-0.2670927,0.5728459,0.1674383,-0.5474684,-0.2196551,1.225899E-06,0.7348429,-0.2507068,-0.8915653,0.7485691,1.167948,-0.2881119,-0.5993687,3.615197E-08,-4.172818E-06,6.988491E-06,0.03378491,-0.3532179,0.3489071,-0.2262583,0.7303984,-0.05157205,0.3589343,9.60495E-08,0,-0.2809111,-0.6861024,0.4053104,0.1190456,0.00302611,-0.2751653,1.180116,-0.9999961,-1.000545E-06,-0.9999995,-0.9999999,-0.9999987,-1.240017E-06,-1,-0.9999995,-0.9999996,-2.945015E-06,-1.000001,-0.9999989,-1,-2.770666E-06,-0.9999996,-1.000001,-0.9999958,-9.975224E-07,-1,-0.9999989,-0.9999968,-9.58748E-07,-0.9999986,-0.999999,-1,-9.923104E-07,-1,-0.9999999,-0.9999996,4.231932E-09,-1.000002,-0.9999988,-0.9999994,3.390648E-07,-1,-1.000002,-0.9999995,-3.843679E-08,-0.9999998,-1,-0.1484058,0.06957151,0.06875478,0.9840775,-0.4443951,0.0167497,-0.09140439,0.8909982,0.01763066,0.150107,-0.7595472,0.6326492,0.1780377,-0.4277707,-0.6603084,0.5910226,9.774937E-09,0.01418314,9.003233E-11,1.646304E-09,0.01418314,4.501621E-11,8.231591E-10,0.02861735,-4.115763E-10,-4.115688E-10,0.02861733,1.234728E-09,
0,1,0,-0.005883098,-0.09496979,0.01262103,0.9953828,4.268868E-08,4.268868E-08,0,-0.37912,-0.02884232,3.44539E-07,-0.07025211,-0.2181125,1.126913,-1.536792E-06,8.53774E-08,8.537736E-08,-6.361106E-14,-4.268867E-07,4.268867E-07,0,0,0,0,0,0,0.4754423,-0.05907353,-0.2659057,0.5677561,0.1665044,-0.5718029,-0.2101622,1.704412E-06,0.7531621,-0.2403294,-0.889959,0.7523252,1.164576,-0.2971009,-0.6242735,2.41191E-07,1.026307E-06,-4.268867E-06,0.03688803,-0.3612434,0.3315527,-0.167976,0.6777894,-0.124445,0.3098923,2.739189E-07,-1.422956E-06,-0.2344309,-0.7003171,0.419473,0.1842229,-0.006949808,-0.2818567,1.076837,-0.9999994,-1.264818E-07,-0.9999992,-0.9999996,-1,-4.152448E-08,-1,-0.9999992,-0.9999999,4.319576E-07,-1,-0.9999989,-0.9999995,1.228835E-06,-1,-1.000001,-0.9999989,8.041655E-08,-1.000001,-0.9999989,-0.9999992,-6.935553E-07,-0.999998,-0.9999993,-0.9999996,-1.061376E-06,-1,-0.9999997,-0.9999999,4.231919E-09,-1.000002,-0.9999974,-0.9999976,-2.31067E-08,-1,-1,-0.9999995,-3.843679E-08,-0.9999998,-0.9999999,-0.114945,0.04785626,0.1061583,0.9865231,-0.4131774,0.01941771,-0.1003403,0.9048974,0.01505888,0.1484426,-0.7663799,0.6248199,0.1736907,-0.4289852,-0.6644878,0.586736,9.774937E-09,0.01418314,9.003233E-11,1.646304E-09,0.01418314,4.501621E-11,8.231591E-10,0.02861735,-4.115763E-10,-4.115688E-10,0.02861733,1.234728E-09,
0,1,0,-0.01456821,-0.09224723,0.01174593,0.9955603,4.268868E-08,4.268868E-08,0,-0.3929071,-0.04212027,-7.757623E-07,-0.04996841,-0.2196258,1.166369,-1.024528E-06,1.707547E-07,0,-6.83019E-07,1.494103E-06,-5.976414E-07,0,0,0,0,0,0,0.4964797,-0.060359,-0.2606944,0.5626724,0.1614974,-0.6009685,-0.2006043,1.430871E-06,0.7769395,-0.2303471,-0.8636699,0.7538635,1.144754,-0.3181789,-0.659247,2.41191E-07,-2.707174E-06,4.624607E-07,0.04288958,-0.3656116,0.3291155,-0.1477775,0.635267,-0.1541829,0.2326597,-1.284218E-06,-1.422956E-06,-0.1853341,-0.7393793,0.4236581,0.2624489,-0.02663235,-0.2698646,1.008106,-0.9999994,-1.264818E-07,-0.9999992,-0.9999999,-0.9999999,-1.283527E-06,-1,-0.9999995,-0.9999999,4.319576E-07,-1,-0.9999998,-0.9999999,1.357571E-06,-0.9999996,-1.000001,-0.9999994,-1.325085E-06,-1.000001,-0.9999991,-0.9999956,-6.037609E-07,-0.9999939,-0.999999,-0.9999996,0,-1,-0.9999999,-0.9999999,4.231919E-09,-1.000001,-0.999998,-0.9999994,3.390648E-07,-1,-1.000002,-0.9999995,-3.843679E-08,-0.9999991,-1,-0.0844202,0.0313101,0.1143407,0.9893529,-0.3919981,0.02569865,-0.09382329,0.9148084,0.01356492,0.1457315,-0.7744218,0.6155074,0.1644029,-0.4258583,-0.6737581,0.5810907,9.774937E-09,0.01418314,9.003233E-11,1.646304E-09,0.01418314,4.501621E-11,8.231591E-10,0.02861735,-4.115763E-10,-4.115688E-10,0.02861733,1.234728E-09,
0,1,0,-0.02420634,-0.08505541,0.01108761,0.9960204,4.268868E-08,4.695754E-07,4.268867E-08,-0.3974828,-0.06100202,0,-0.04474038,-0.2154679,1.154325,-1.024528E-06,1.707547E-07,0,1.28066E-06,-5.549527E-07,4.268867E-08,0,0,0,0,0,0,0.5198581,-0.05891868,-0.2461433,0.557545,0.1489971,-0.6335706,-0.1834598,1.704412E-06,0.797334,-0.2170515,-0.8063555,0.7492238,1.104066,-0.3437083,-0.7075094,2.41191E-07,-4.03408E-06,-5.843012E-06,0.04237834,-0.372599,0.32062,-0.1099406,0.6695144,-0.1787052,0.1877786,5.59933E-06,3.33746E-13,-0.153772,-0.7771729,0.40968,0.3737009,-0.02266307,-0.2301451,0.9003974,-0.9999995,-7.802498E-07,-0.9999995,-0.9999996,-0.9999999,-1.283527E-06,-1.000001,-0.9999998,-0.9999996,-2.945015E-06,-1.000001,-0.9999989,-1,-2.770666E-06,-0.9999996,-1.000001,-0.9999999,2.730052E-06,-1,-0.9999991,-0.9999992,-6.935553E-07,-0.9999966,-0.999999,-0.9999996,0,-1.000001,-0.9999991,-0.9999999,1.421516E-06,-1,-0.9999985,-0.9999976,-2.31067E-08,-1,-1,-0.9999995,-3.843679E-08,-0.9999998,-0.9999999,-0.06192401,0.04451471,0.1254837,0.9891601,-0.355714,0.02243574,-0.07494321,0.9313151,0.01267873,0.1402348,-0.7832928,0.6054965,0.1464152,-0.418296,-0.6862885,0.5767141,9.774937E-09,0.01418314,9.003233E-11,1.646304E-09,0.01418314,4.501621E-11,8.231591E-10,0.02861735,-4.115763E-10,-4.115688E-10,0.02861733,1.234728E-09,
0,1,0,-0.01834306,-0.07860877,0.01186023,0.9966663,4.268868E-08,4.268868E-08,0,-0.3103577,-0.08030855,0,-0.2098196,-0.1829569,1.044488,-6.830188E-07,8.537732E-08,-1.28066E-07,1.28066E-07,4.268867E-07,-4.268868E-08,0,0,0,0,0,0,0.5041322,-0.05759086,-0.2284368,0.5518627,0.1369653,-0.6278441,-0.1727975,1.430871E-06,0.7778889,-0.2018671,-0.7285581,0.7421563,1.048624,-0.3463535,-0.7132583,2.41191E-07,-1.814269E-06,-1.106348E-06,0.03586266,-0.4018888,0.3034292,-0.07146882,0.649594,-0.1849249,0.1630073,9.60495E-08,0,-0.1321632,-0.7932402,0.3944941,0.4214509,-0.03780219,-0.1932072,0.8297176,-0.9999995,-7.802498E-07,-0.9999992,-0.9999999,-0.9999999,3.787222E-07,-1,-0.9999992,-0.9999996,2.329032E-08,-1,-0.9999989,-0.9999999,-4.477732E-07,-1,-1.000001,-0.9999994,-1.325085E-06,-1,-0.9999991,-0.9999992,-6.935553E-07,-0.999998,-0.999999,-0.9999996,0,-1.000001,-0.9999999,-0.9999999,4.231919E-09,-1.000002,-0.9999972,-0.9999976,-2.31067E-08,-1,-1.000002,-0.9999995,-3.843679E-08,-0.9999998,-1,-0.05332189,0.03688052,0.1259762,0.9899125,-0.3310728,0.02664919,-0.05265336,0.941758,0.01429243,0.1359698,-0.781794,0.6083635,0.129498,-0.4051161,-0.6907223,0.5848197,9.774937E-09,0.01418314,9.003233E-11,1.646304E-09,0.01418314,4.501621E-11,8.231591E-10,0.02861735,-4.115763E-10,-4.115688E-10,0.02861733,1.234728E-09,
0,1,0,-0.01626462,-0.07375399,0.01225941,0.9970685,4.268868E-08,4.268868E-08,0,-0.332682,-0.07897644,-6.879083E-07,-0.1590776,-0.1867646,1.001565,-6.830188E-07,8.537732E-08,-1.28066E-07,1.067217E-06,-5.549527E-07,4.268867E-08,0,0,0,0,0,0,0.5018395,-0.05544851,-0.2198981,0.5524503,0.1305615,-0.6253638,-0.1662216,1.430871E-06,0.7822039,-0.1849701,-0.7005243,0.7495099,1.024562,-0.3500618,-0.7148296,3.615197E-08,1.848064E-06,-4.679746E-06,0.01923045,-0.4117126,0.2890697,-0.07304122,0.5776319,-0.1980559,0.1255585,9.60495E-08,0,-0.1630028,-0.7955618,0.3690909,0.4229658,-0.05831977,-0.1651225,0.7847171,-0.9999994,-1.264818E-07,-0.9999995,-0.9999996,-1,-4.152448E-08,-1,-0.9999995,-0.9999996,2.329032E-08,-1.000001,-0.9999989,-0.9999999,1.357571E-06,-0.9999996,-1.000001,-0.9999996,2.610881E-06,-1,-0.9999999,-0.9999992,-6.935553E-07,-0.999998,-0.999999,-0.9999996,0,-1,-0.9999997,-0.9999999,4.231919E-09,-1.000001,-0.9999988,-0.9999995,-2.637697E-06,-1,-0.9999989,-0.9999995,-3.843679E-08,-0.9999991,-1,-0.0415172,0.008943437,0.1287201,0.9907711,-0.314741,0.0332169,-0.03399287,0.947987,0.01492105,0.1335906,-0.7811521,0.6096986,0.1234787,-0.3997377,-0.6929033,0.5872374,9.774937E-09,0.01418314,9.003233E-11,1.646304E-09,0.01418314,4.501621E-11,8.231591E-10,0.02861735,-4.115763E-10,-4.115688E-10,0.02861733,1.234728E-09,
0,1,0,-0.01614791,-0.06700762,0.01229005,0.9975461,4.268868E-08,4.268868E-08,0,-0.3438266,-0.08395696,8.603238E-08,-0.1369855,-0.1780282,1.003202,-1.792924E-06,5.122641E-07,0,1.109905E-06,-5.122646E-07,1.28066E-06,0,0,0,0,0,0,0.5141757,-0.05264584,-0.2189511,0.5638611,0.1288838,-0.620317,-0.1589357,1.430871E-06,0.8093789,-0.16654,-0.7615626,0.7765634,1.058424,-0.3428963,-0.7054954,2.41191E-07,-6.204087E-06,-9.604955E-07,0.005918302,-0.4119372,0.2798528,-0.08121022,0.5278451,-0.1897946,0.1461473,-2.18068E-06,1.138365E-07,-0.1901419,-0.7908593,0.3509409,0.4093872,-0.06519106,-0.162352,0.7772373,-0.9999971,-7.190185E-07,-0.999999,-0.9999999,-0.9999994,-3.325646E-06,-1.000001,-0.9999995,-0.9999998,-2.596548E-06,-1,-0.9999989,-1,-2.770666E-06,-1,-1.000001,-0.9999994,-1.325085E-06,-1,-0.9999983,-0.9999992,-6.935553E-07,-0.9999966,-0.999999,-0.9999999,5.40083E-07,-1,-0.9999991,-0.9999996,4.231932E-09,-1.000002,-0.9999988,-0.9999994,1.742679E-06,-1,-1,-0.9999977,-1.19719E-06,-0.9999991,-1,-0.05261566,-0.0104115,0.1246646,0.9907482,-0.3121672,0.03559957,-0.03171632,0.94883,0.01397752,0.132322,-0.7798467,0.6116655,0.1366942,-0.4100429,-0.6877042,0.5833032,9.774937E-09,0.01418314,9.003233E-11,1.646304E-09,0.01418314,4.501621E-11,8.231591E-10,0.02861735,-4.115763E-10,-4.115688E-10,0.02861733,1.234728E-09,
0,0.9957447,0,-0.01502985,-0.06522433,0.01214028,0.9976836,4.268868E-08,4.268868E-08,0,-0.3395039,-0.08689537,0,-0.1428299,-0.1671844,0.9926621,-1.792924E-06,5.122641E-07,0,8.110845E-07,1.28066E-06,-5.976414E-07,0,0,0,0,0,0,0.5364572,-0.05209215,-0.2458743,0.5914384,0.1475844,-0.5985343,-0.1655941,1.430871E-06,0.8635511,-0.1275703,-0.9743488,0.8499488,1.183219,-0.3307957,-0.6469331,2.41191E-07,-4.677967E-06,-1.061881E-06,-0.008953256,-0.4250835,0.2668014,-0.0799249,0.5243605,-0.193116,0.1246548,-1.284218E-06,-1.422956E-06,-0.1880517,-0.7761741,0.3608719,0.3597816,-0.05730362,-0.189899,0.8825998,-0.9999995,-7.802498E-07,-0.9999992,-0.9999999,-1,-4.152448E-08,-1,-0.9999992,-0.9999999,4.319576E-07,-1,-0.9999998,-0.9999999,-4.477732E-07,-1,-1.000001,-0.9999994,-1.325085E-06,-1,-0.9999998,-0.9999994,-1.509403E-07,-0.999998,-0.999999,-0.9999996,0,-1,-0.9999999,-0.9999999,4.231919E-09,-1.000002,-0.9999988,-0.9999976,-2.31067E-08,-1,-1.000002,-0.9999996,3.791308E-07,-1.000001,-1,-0.04499277,-0.01163083,0.1244754,0.9911338,-0.3482151,0.03399735,-0.0446751,0.9357321,0.01034366,0.1377711,-0.773981,0.6179526,0.2045034,-0.453851,-0.6644671,0.5573878,9.774937E-09,0.01418314,9.003233E-11,1.646304E-09,0.01418314,4.501621E-11,8.231591E-10,0.02861735,-4.115763E-10,-4.115688E-10,0.02861733,1.234728E-09,
0,0.9872341,0,-0.01546466,-0.06230981,0.01213806,0.9978632,4.268868E-08,4.268868E-08,0,-0.3479892,-0.08497571,-2.323307E-06,-0.1251176,-0.1674545,1.008979,-1.024528E-06,1.707547E-07,0,1.707541E-07,-5.54953E-07,2.817452E-06,0,0,0,0,0,0,0.5476118,-0.04956338,-0.2567266,0.6045595,0.1544137,-0.5892417,-0.1686885,1.225899E-06,0.8773088,-0.1102317,-1.016508,0.8669302,1.205549,-0.3314406,-0.6451873,2.41191E-07,-1.817826E-06,-2.694723E-06,-0.02153127,-0.4318596,0.2517467,-0.08781049,0.5556508,-0.1529309,0.1101259,1.303783E-06,7.399369E-07,-0.1780959,-0.7552293,0.3786615,0.2941002,-0.05541261,-0.2235235,0.9608026,-0.9999992,5.844123E-07,-0.9999992,-0.9999999,-1,-4.152448E-08,-1,-0.9999992,-0.9999996,1.724599E-06,-0.9999998,-0.9999989,-1,-2.770666E-06,-1,-1.000001,-0.9999987,-1.280776E-06,-0.9999997,-0.9999998,-0.9999956,-6.037609E-07,-0.999998,-0.9999993,-0.9999996,0,-1,-0.9999994,-0.9999999,4.231919E-09,-1,-0.9999988,-0.9999976,-2.31067E-08,-1.000001,-1,-0.9999995,-3.843679E-08,-0.9999991,-1,-0.04804658,0.001811534,0.09710158,0.9941124,-0.3753957,0.03473224,-0.06228163,0.9241173,0.009160826,0.1399855,-0.7714396,0.6206457,0.2232598,-0.4687622,-0.6582372,0.5451062,9.774937E-09,0.01418314,9.003233E-11,1.646304E-09,0.01418314,4.501621E-11,8.231591E-10,0.02861735,-4.115763E-10,-4.115688E-10,0.02861733,1.234728E-09,
0,0.9787234,0,-0.01485467,-0.06098735,0.01200718,0.9979558,4.268868E-08,4.268868E-08,0,-0.3425567,-0.08949015,-1.032393E-06,-0.1319111,-0.1394865,1.028198,-1.024528E-06,1.707547E-07,0,-7.68396E-07,3.091497E-13,1.152594E-06,0,0,0,0,0,0,0.5287741,-0.04436272,-0.2360812,0.5902224,0.139074,-0.5943672,-0.1700833,1.225899E-06,0.8419272,-0.1415315,-0.8548175,0.802552,1.113558,-0.3317251,-0.7168241,-3.74393E-07,1.245087E-08,-1.149037E-06,-0.02902455,-0.4404232,0.2368119,-0.09085778,0.5699173,-0.1168461,0.07929075,-1.437185E-06,5.691821E-08,-0.1531403,-0.7333037,0.4026972,0.2320109,-0.04236832,-0.2583961,1.039509,-0.9999995,-7.802498E-07,-0.9999992,-0.9999996,-0.9999999,-1.283527E-06,-1,-0.9999995,-0.9999998,1.50537E-06,-1,-0.9999989,-0.9999999,-4.477732E-07,-0.9999996,-1.000001,-0.9999977,-1.377554E-06,-1.000001,-0.9999998,-0.9999992,-6.935553E-07,-0.9999986,-0.999999,-1,-9.923104E-07,-1,-0.9999997,-1,-2.821872E-06,-1,-0.9999988,-0.9999976,-2.31067E-08,-1,-0.9999989,-0.9999995,-3.843679E-08,-0.9999991,-1,-0.04588049,0.008716492,0.07021157,0.9964383,-0.4017761,0.0312564,-0.08189651,0.9115327,0.01389695,0.1365364,-0.7727522,0.6196923,0.1527373,-0.4295951,-0.6804074,0.5737292,9.774937E-09,0.01418314,9.003233E-11,1.646304E-09,0.01418314,4.501621E-11,8.231591E-10,0.02861735,-4.115763E-10,-4.115688E-10,0.02861733,1.234728E-09,
0,0.9744681,0,-0.01896593,-0.05903338,0.01067867,0.9980187,4.268868E-08,4.268868E-08,0,-0.3691553,-0.09252971,4.306765E-07,-0.07828764,-0.1319977,1.038819,-1.792924E-06,5.122641E-07,0,1.408726E-06,-7.683966E-07,1.067217E-06,0,0,0,0,0,0,0.5205171,-0.04097406,-0.2198559,0.574073,0.1263151,-0.6125112,-0.1698729,1.430871E-06,0.8035513,-0.1510865,-0.6744792,0.7438297,1.001193,-0.354647,-0.7925927,3.615197E-08,-1.718219E-06,3.708579E-06,-0.02941798,-0.4490609,0.2237779,-0.07945754,0.5641962,-0.1024078,0.03480807,2.00281E-06,-1.366038E-06,-0.1313794,-0.7125164,0.4260842,0.1938869,-0.02837805,-0.2922491,1.087971,-0.9999995,1.566614E-06,-0.9999992,-0.9999996,-0.9999999,-3.31603E-06,-1,-0.9999998,-0.9999998,1.50537E-06,-1.000001,-0.9999989,-1,-2.770666E-06,-1,-1.000001,-0.9999989,8.041655E-08,-1,-0.9999989,-0.9999968,-9.58748E-07,-0.999997,-0.9999993,-0.9999996,0,-1,-0.9999994,-0.9999989,4.348342E-08,-1.000002,-0.999998,-0.9999999,-3.029154E-06,-1,-1.000002,-0.9999998,8.871248E-08,-0.9999995,-1,-0.03479394,0.00735399,0.05555808,0.9978219,-0.41789,0.02735825,-0.1028321,0.9022444,0.01730259,0.133204,-0.7776195,0.6142191,0.1003831,-0.4018118,-0.6988708,0.5831382,9.774937E-09,0.01418314,9.003233E-11,1.646304E-09,0.01418314,4.501621E-11,8.231591E-10,0.02861735,-4.115763E-10,-4.115688E-10,0.02861733,1.234728E-09,
0,0.9702128,0,-0.02797079,-0.05459275,0.007839443,0.9980861,4.268868E-08,4.268868E-08,0,-0.3960458,-0.1017095,2.587593E-07,-0.03001522,-0.1264291,1.061818,-2.049056E-06,5.976423E-07,1.28066E-06,-6.830192E-07,1.195282E-06,-1.109905E-06,0,0,0,0,0,0,0.5445154,-0.04044792,-0.2262848,0.5769123,0.1290398,-0.6319994,-0.1692342,1.430871E-06,0.8180246,-0.1448231,-0.6613247,0.7360608,0.9922156,-0.3667321,-0.8356182,2.41191E-07,-6.204087E-06,-9.604955E-07,-0.01554751,-0.4530768,0.2252332,-0.04760233,0.5418798,-0.0979149,0.03002063,1.357144E-06,-5.691822E-08,-0.120727,-0.704839,0.4335447,0.2130315,-0.0174858,-0.3086386,1.07219,-0.9999995,-7.802498E-07,-0.9999992,-0.999999,-0.9999981,-1.178858E-06,-0.9999998,-0.9999995,-0.9999996,2.329032E-08,-1,-0.9999998,-0.9999999,-4.477732E-07,-1,-1.000001,-0.9999961,-1.30416E-06,-1,-0.9999991,-0.9999992,-6.935553E-07,-0.9999986,-0.999999,-0.9999999,5.40083E-07,-1,-0.9999991,-0.9999999,4.231919E-09,-1.000002,-0.9999988,-0.9999969,-2.535198E-06,-1,-0.9999989,-0.9999995,-3.843679E-08,-0.9999991,-1.000001,-0.03475129,-0.001262069,0.05181693,0.998051,-0.4131817,0.0237672,-0.116214,0.90289,0.01575121,0.1337402,-0.782886,0.6074167,0.08977357,-0.4027203,-0.7043993,0.5775627,9.774937E-09,0.01418314,9.003233E-11,1.646304E-09,0.01418314,4.501621E-11,8.231591E-10,0.02861735,-4.115763E-10,-4.115688E-10,0.02861733,1.234728E-09,
0,0.9702128,0,-0.02730572,-0.05089152,0.005204458,0.9983172,4.268868E-08,4.695754E-07,4.268867E-08,-0.3415552,-0.1073929,-6.88379E-07,-0.1339743,-0.09607563,1.045443,-6.830188E-07,8.537732E-08,-1.28066E-07,1.024528E-06,-5.122639E-07,-4.695754E-07,0,0,0,0,0,0,0.529963,-0.0407349,-0.2231864,0.5605493,0.1269788,-0.6431779,-0.1794431,1.430871E-06,0.7781133,-0.1415888,-0.5578501,0.7020542,0.9243113,-0.3775184,-0.8618611,2.41191E-07,1.298447E-07,6.616744E-07,0.007374526,-0.4702834,0.2413358,0.002712232,0.5499945,-0.1210873,-0.00343972,-1.284218E-06,-1.422956E-06,-0.1162268,-0.6970955,0.4213151,0.2392035,-0.03383962,-0.2940525,0.9862508,-0.9999994,-1.264818E-07,-0.9999992,-0.9999999,-0.9999999,-1.283527E-06,-1,-0.9999992,-0.9999996,2.329032E-08,-1.000001,-0.9999998,-1,-2.770666E-06,-0.9999996,-1.000001,-0.9999996,1.563576E-08,-0.9999997,-0.9999983,-0.9999992,-6.935553E-07,-0.999998,-0.9999993,-0.9999996,0,-1,-0.9999997,-0.9999999,4.231919E-09,-1.000001,-0.9999974,-0.9999994,3.390648E-07,-1,-1,-0.9999995,-3.843679E-08,-0.9999998,-1.000001,-0.01821795,0.001741707,0.06328619,0.9978276,-0.3865683,0.02863743,-0.109833,0.9152495,0.01831933,0.1344158,-0.7857634,0.6034673,0.06485903,-0.3873779,-0.7108961,0.5834024,9.774937E-09,0.01418314,9.003233E-11,1.646304E-09,0.01418314,4.501621E-11,8.231591E-10,0.02861735,-4.115763E-10,-4.115688E-10,0.02861733,1.234728E-09,
0,0.9702128,0,-0.03285259,-0.04778309,0.001841955,0.9983157,4.268868E-08,4.268868E-08,0,-0.3764691,-0.1007054,0,-0.07264258,-0.09472079,1.074597,-1.792924E-06,5.122641E-07,0,8.110848E-07,-1.707547E-07,-4.268867E-08,0,0,0,0,0,0,0.5508466,-0.04103552,-0.2501647,0.5637139,0.1448066,-0.6579041,-0.2023689,1.430871E-06,0.7933246,-0.1379271,-0.5804448,0.7122167,0.937902,-0.3763853,-0.8621956,2.41191E-07,9.907329E-07,-1.063659E-06,0.02415122,-0.4814324,0.2728094,0.05096331,0.5025524,-0.1583857,-0.008942722,1.565251E-07,-1.366038E-06,-0.1386908,-0.6916468,0.3877351,0.2837546,-0.01101955,-0.2683405,0.8958646,-0.9999992,5.844123E-07,-0.9999995,-0.9999999,-0.9999981,-1.178858E-06,-1.000001,-0.9999992,-0.9999999,4.319576E-07,-1,-0.9999989,-1,-2.770666E-06,-1,-1.000001,-0.9999994,-1.325085E-06,-1.000001,-0.9999998,-0.9999992,-6.935553E-07,-0.9999986,-0.9999993,-0.9999996,0,-1,-0.9999991,-0.9999999,4.231919E-09,-1.000001,-0.9999988,-0.9999956,1.10962E-07,-1,-1.000002,-0.9999995,-3.843679E-08,-0.9999998,-1,-0.00955528,-0.01779013,0.08705461,0.9959988,-0.3558777,0.01910398,-0.1020172,0.9287511,0.01723528,0.1415369,-0.7895568,0.5968838,0.06881358,-0.3910025,-0.710115,0.5814795,9.774937E-09,0.01418314,9.003233E-11,1.646304E-09,0.01418314,4.501621E-11,8.231591E-10,0.02861735,-4.115763E-10,-4.115688E-10,0.02861733,1.234728E-09,
0,0.9702128,0,-0.03262156,-0.04674892,-0.001035424,0.9983733,4.268868E-08,4.695754E-07,4.268867E-08,-0.3443269,-0.0709175,8.602375E-08,-0.142885,-0.1236073,1.063106,-2.134434E-06,5.122642E-07,1.28066E-07,1.237971E-06,-4.695752E-07,-5.549527E-07,0,0,0,0,0,0,0.551905,-0.04172152,-0.2757796,0.5609936,0.162935,-0.6614698,-0.232861,1.430871E-06,0.7889196,-0.1372426,-0.5819132,0.7169386,0.9380139,-0.3713199,-0.8454781,2.41191E-07,-4.720656E-06,3.287028E-06,0.05374099,-0.5009154,0.302816,0.1178917,0.4706374,-0.1934842,-0.03995615,-1.508333E-06,7.399369E-07,-0.1536214,-0.6903946,0.357471,0.3336697,-0.01976331,-0.2301751,0.7882344,-0.9999995,-7.802498E-07,-0.9999995,-0.9999996,-0.9999999,-1.283527E-06,-1,-0.9999992,-0.9999998,1.50537E-06,-1,-0.9999989,-1,-2.770666E-06,-1,-1.000001,-0.9999996,1.563576E-08,-0.9999997,-0.9999999,-0.9999994,-1.509403E-07,-0.999998,-0.9999993,-0.9999996,5.4167E-07,-1,-0.9999997,-0.9999999,4.231919E-09,-1.000002,-0.9999993,-0.9999958,1.40247E-07,-1,-1.000001,-0.9999995,-3.843679E-08,-0.9999995,-1.000001,0.006824075,-0.03090089,0.1071144,0.9937429,-0.3195795,0.02057684,-0.08196208,0.9437838,0.01801208,0.1496666,-0.7903225,0.5938566,0.07196299,-0.3898371,-0.7081302,0.5842944,9.774937E-09,0.01418314,9.003233E-11,1.646304E-09,0.01418314,4.501621E-11,8.231591E-10,0.02861735,-4.115763E-10,-4.115688E-10,0.02861733,1.234728E-09,
0,0.9702128,0,-0.01556534,-0.04660186,-0.004373837,0.9987826,4.268868E-08,4.268868E-08,0,-0.2500555,-0.02973605,4.285411E-07,-0.326763,-0.1310315,1.058851,-1.792924E-06,5.122641E-07,0,1.323349E-06,-3.841979E-07,-2.56132E-07,0,0,0,0,0,0,0.5102714,-0.04765557,-0.2926438,0.557658,0.1789896,-0.622373,-0.257173,1.225899E-06,0.7398212,-0.1348945,-0.5613776,0.7148792,0.9233946,-0.3404081,-0.7924162,2.41191E-07,9.907329E-07,-1.063659E-06,0.08534224,-0.5088379,0.337845,0.1246843,0.4187556,-0.2141271,-0.0427031,9.60495E-08,0,-0.1734868,-0.6901224,0.3281242,0.3250095,-0.06540479,-0.1800016,0.7506183,-0.9999994,-1.264818E-07,-0.9999998,-0.9999996,-0.9999999,-1.283527E-06,-1.000001,-0.9999995,-0.9999996,2.329032E-08,-0.9999994,-0.9999998,-1,-2.770666E-06,-1,-1.000001,-0.9999994,-1.325085E-06,-0.9999997,-0.9999998,-0.9999992,-6.935553E-07,-0.9999956,-0.999999,-0.9999996,-1.061376E-06,-1,-0.9999999,-0.9999999,4.231919E-09,-1,-0.9999972,-0.9999956,1.10962E-07,-1,-1,-0.9999978,-2.513788E-08,-0.9999998,-1,0.009520171,-0.05161371,0.1207448,0.9912952,-0.3049431,0.0359764,-0.04509774,0.9506218,0.01966976,0.157003,-0.7798153,0.6056826,0.0751133,-0.3831638,-0.6982514,0.5999904,9.774937E-09,0.01418314,9.003233E-11,1.646304E-09,0.01418314,4.501621E-11,8.231591E-10,0.02861735,-4.115763E-10,-4.115688E-10,0.02861733,1.234728E-09,
0,0.9702128,0,-0.001320541,-0.04667367,-0.0062686,0.9988897,4.268868E-08,4.695754E-07,4.268867E-08,-0.2655994,0.04163892,-6.00282E-07,-0.299046,-0.2105092,1.051381,-1.024528E-06,1.707547E-07,0,1.067216E-06,-1.109906E-06,1.750236E-06,0,0,0,0,0,0,0.4752812,-0.05120818,-0.3050495,0.5596734,0.1909743,-0.5822517,-0.2731621,2.592336E-06,0.7167152,-0.1345098,-0.588225,0.7263081,0.9418163,-0.3093031,-0.7440891,3.615197E-08,2.650255E-07,-1.86763E-07,0.1013456,-0.499862,0.3552654,0.08022143,0.4053559,-0.2231433,0.00865176,-1.284218E-06,-1.422956E-06,-0.2147837,-0.6756164,0.3097859,0.2532275,-0.08507515,-0.1565515,0.8183596,-0.9999969,2.144361E-08,-0.9999995,-0.9999999,-0.9999999,-2.374243E-06,-1,-0.9999992,-0.9999998,1.50537E-06,-1.000001,-0.9999989,-1,-2.770666E-06,-1,-1.000001,-0.9999996,1.563576E-08,-1.000001,-0.9999989,-0.9999994,-1.509403E-07,-0.999998,-0.999999,-0.9999996,0,-1,-0.9999997,-0.9999999,4.231919E-09,-1.000002,-0.9999988,-0.9999994,3.390648E-07,-1,-1,-0.9999996,3.791308E-07,-0.9999998,-1,-0.006411135,-0.05748934,0.1315086,0.9896259,-0.3252259,0.04302213,-0.02286073,0.9443805,0.02094402,0.162435,-0.7688731,0.61807,0.08699105,-0.3850625,-0.6871255,0.6099327,9.774937E-09,0.01418314,9.003233E-11,1.646304E-09,0.01418314,4.501621E-11,8.231591E-10,0.02861735,-4.115763E-10,-4.115688E-10,0.02861733,1.234728E-09,
0,0.9702128,0,0.005665809,-0.04464095,-0.007563377,0.9989584,4.268868E-08,4.695754E-07,4.268867E-08,-0.3065621,0.1210493,2.578331E-07,-0.2228173,-0.3279077,1.116577,-6.830188E-07,8.537732E-08,-1.28066E-07,7.68396E-07,-1.707546E-07,-4.695754E-07,0,0,0,0,0,0,0.451352,-0.05512534,-0.3029524,0.5600665,0.1921433,-0.5570307,-0.2702851,1.225899E-06,0.7207866,-0.1332771,-0.6419946,0.7414751,0.9759188,-0.2917539,-0.7209085,3.615197E-08,-1.814269E-06,-1.106348E-06,0.1309775,-0.4667959,0.3663866,0.03031222,0.4012549,-0.222574,0.07164934,2.831682E-06,-1.422956E-06,-0.2331218,-0.6999248,0.2954518,0.2448947,-0.08126599,-0.1435427,0.8744712,-0.9999992,5.844123E-07,-0.9999995,-0.9999996,-0.9999999,-1.283527E-06,-1.000001,-0.9999992,-0.9999996,1.724599E-06,-1.000001,-0.9999998,-1,-2.770666E-06,-1,-1.000001,-0.9999981,-1.212579E-06,-1.000001,-0.9999991,-0.9999992,-6.935553E-07,-0.9999986,-0.999998,-0.9999999,1.114065E-07,-1,-0.9999991,-1,-2.821872E-06,-1.000002,-0.9999988,-0.9999976,-2.31067E-08,-1,-1.000001,-0.9999995,-3.843679E-08,-0.9999998,-0.9999999,-0.02761549,-0.05963975,0.1368511,0.988409,-0.3421814,0.04163404,-0.01134984,0.9386424,0.020919,0.1626356,-0.761952,0.6265311,0.09972435,-0.3933834,-0.6794823,0.6112352,9.774937E-09,0.01418314,9.003233E-11,1.646304E-09,0.01418314,4.501621E-11,8.231591E-10,0.02861735,-4.115763E-10,-4.115688E-10,0.02861733,1.234728E-09,
0,0.9702128,0,0.008402497,-0.0382812,-0.007597612,0.9992028,4.268868E-08,4.268868E-08,0,-0.3318166,0.1649379,-4.304702E-07,-0.1622503,-0.3964361,1.143138,-1.024528E-06,1.707547E-07,0,4.268868E-07,3.841979E-07,1.024528E-06,0,0,0,0,0,0,0.4297299,-0.05712513,-0.282664,0.5548659,0.1796989,-0.5447853,-0.2537385,1.430871E-06,0.7354543,-0.1320851,-0.7028874,0.7535929,1.015223,-0.2821567,-0.7174867,3.615197E-08,9.907329E-07,-1.063659E-06,0.1575027,-0.4379716,0.3537439,0.01472624,0.4036372,-0.222568,0.02202552,1.903203E-06,7.968551E-07,-0.2116201,-0.7213321,0.2916477,0.2596864,-0.09490053,-0.1432548,0.9003507,-0.9999992,5.844123E-07,-0.9999992,-0.9999999,-0.9999987,-1.240017E-06,-0.9999998,-0.9999995,-0.9999999,4.319576E-07,-1.000001,-0.9999989,-1,-2.770666E-06,-1,-1.000001,-0.9999987,-1.280776E-06,-0.9999997,-0.9999998,-0.9999994,-1.509403E-07,-0.999998,-0.999999,-0.9999996,0,-1,-0.9999994,-0.9999999,4.231919E-09,-1.000001,-0.9999972,-0.9999956,1.10962E-07,-1,-1.000001,-0.9999995,-3.843679E-08,-0.9999998,-1,-0.01102474,-0.05824105,0.1323111,0.9894343,-0.3505166,0.04680981,-0.007740686,0.9353539,0.02152927,0.1574786,-0.7585949,0.6318787,0.1107175,-0.4046126,-0.674455,0.6075695,9.774937E-09,0.01418314,9.003233E-11,1.646304E-09,0.01418314,4.501621E-11,8.231591E-10,0.02861735,-4.115763E-10,-4.115688E-10,0.02861733,1.234728E-09,
0,0.9617021,0,0.01403931,-0.02742695,-0.007447992,0.9994975,4.268868E-08,4.268868E-08,0,-0.3174746,0.1516588,-8.602335E-08,-0.1800918,-0.3580329,1.145543,-1.536792E-06,8.53774E-08,8.537736E-08,9.818393E-07,-2.988207E-07,-8.537733E-08,0,0,0,0,0,0,0.4071379,-0.05767582,-0.2548122,0.5571811,0.1642095,-0.5197719,-0.227855,1.225899E-06,0.7516626,-0.1257688,-0.8004035,0.7732216,1.079476,-0.2607096,-0.7072632,2.41191E-07,3.735259E-08,-4.446737E-08,0.1740659,-0.4096934,0.3338589,-0.007306624,0.4732476,-0.1696573,0.03318672,9.60495E-08,0,-0.1680416,-0.7352622,0.293434,0.2639228,-0.09148628,-0.1566824,0.9227195,-0.9999994,-1.264818E-07,-0.9999995,-0.9999999,-0.9999993,-2.812038E-08,-1,-0.9999995,-0.9999996,1.724599E-06,-1.000001,-0.9999992,-0.9999999,-4.477732E-07,-0.9999996,-1.000001,-0.999998,-3.02813E-06,-1,-0.9999998,-0.9999956,-6.037609E-07,-0.999998,-0.999999,-0.9999999,1.114065E-07,-1,-0.9999991,-0.9999999,1.421516E-06,-1.000001,-0.9999988,-0.9999976,-2.31067E-08,-1,-0.9999995,-0.9999996,3.791308E-07,-0.9999991,-1,-0.0221405,-0.02995628,0.09869552,0.9944202,-0.358826,0.04600195,-0.01564416,0.9321389,0.0213151,0.1499837,-0.7517775,0.6417797,0.1293232,-0.4231778,-0.6640048,0.6027386,9.774937E-09,0.01418314,9.003233E-11,1.646304E-09,0.01418314,4.501621E-11,8.231591E-10,0.02861735,-4.115763E-10,-4.115688E-10,0.02861733,1.234728E-09,
0,0.9617021,0,0.01764488,-0.02619627,-0.006235047,0.9994817,4.268868E-08,4.268868E-08,0,-0.3253808,0.1445421,2.581173E-07,-0.1529933,-0.3568371,1.048425,-1.024528E-06,1.707547E-07,0,1.750235E-06,-5.549527E-07,4.268867E-08,0,0,0,0,0,0,0.3489145,-0.05714866,-0.2089667,0.5224526,0.1341319,-0.5184245,-0.2121278,1.430871E-06,0.6906423,-0.1404209,-0.5951926,0.7014353,0.9493321,-0.2952556,-0.7741516,2.41191E-07,-1.533235E-06,2.143327E-06,0.1769187,-0.4018645,0.2838211,-0.01530632,0.4947801,-0.138989,-0.05950872,5.576207E-06,6.830189E-07,-0.133101,-0.7091821,0.3164597,0.2005723,-0.0806978,-0.1802359,1.072984,-0.999999,2.241826E-06,-0.9999992,-0.9999999,-0.9999987,-2.610209E-07,-1,-0.9999992,-0.9999996,1.724599E-06,-1,-0.9999989,-1,-2.770666E-06,-0.9999996,-1.000001,-0.9999983,-2.036173E-06,-1,-0.9999998,-0.9999992,-6.935553E-07,-0.999998,-0.999999,-0.9999996,0,-1,-0.9999991,-0.9999996,4.231932E-09,-1.000002,-0.9999993,-0.9999956,1.16819E-06,-1,-1.000002,-0.9999996,3.791308E-07,-0.9999991,-1,0.002776861,-0.01978007,0.06883138,0.9974284,-0.4080633,0.04368764,-0.02335743,0.9116085,0.02683726,0.1403413,-0.7512687,0.6443442,0.07961959,-0.3910937,-0.6839573,0.6106628,9.774937E-09,0.01418314,9.003233E-11,1.646304E-09,0.01418314,4.501621E-11,8.231591E-10,0.02861735,-4.115763E-10,-4.115688E-10,0.02861733,1.234728E-09,
0,0.9446809,0,0.004052669,-0.03129467,-0.001495996,0.9995009,4.268868E-08,4.695754E-07,4.268867E-08,-0.4188358,0.1497045,-6.048943E-07,0.05287404,-0.4436467,0.9584699,-1.536792E-06,8.53774E-08,8.537736E-08,2.219811E-06,-4.695771E-07,2.134434E-06,0,0,0,0,0,0,0.4064494,-0.04620761,-0.2452886,0.5703788,0.1552741,-0.5010699,-0.2257356,1.704412E-06,0.852638,-0.1200974,-1.007357,0.8312484,1.210346,-0.3000165,-0.6969424,2.41191E-07,-5.752299E-06,3.443553E-06,0.1354988,-0.3943667,0.2271946,-0.004018745,0.6868755,-0.168489,-0.1038239,1.565251E-07,-1.366038E-06,-0.1574366,-0.6611536,0.3496663,0.1465192,-0.0556591,-0.1647393,1.250177,-0.9999995,-7.802498E-07,-0.9999995,-0.9999996,-0.9999993,-2.812038E-08,-1,-0.9999992,-0.9999983,-3.035876E-06,-1,-0.9999989,-0.9999999,1.357571E-06,-1,-1.000001,-0.9999999,-1.157257E-06,-1.000001,-0.9999983,-0.9999992,-6.935553E-07,-0.999998,-0.9999993,-0.9999999,1.114065E-07,-1.000001,-0.9999994,-0.9999996,4.231932E-09,-1.000002,-0.9999988,-0.9999976,-2.31067E-08,-1,-0.9999989,-0.9999982,-1.139106E-06,-0.9999998,-1,0.02988896,0.05503285,0.08166068,0.9946907,-0.461408,0.03525847,-0.006802446,0.8864611,0.02406618,0.1476417,-0.746379,0.6484915,0.1885422,-0.4621669,-0.6603576,0.5610539,9.774937E-09,0.01418314,9.003233E-11,1.646304E-09,0.01418314,4.501621E-11,8.231591E-10,0.02861735,-4.115763E-10,-4.115688E-10,0.02861733,1.234728E-09,
0,0.9234043,0,-0.02417743,-0.04398698,0.002252657,0.998737,4.268868E-08,4.268868E-08,0,-0.5013181,0.0374254,0,0.209606,-0.403103,0.8372923,-1.792924E-06,5.122641E-07,0,8.964621E-07,0,0,0,0,0,0,0,0,0.4428405,-0.0303335,-0.2342073,0.562909,0.1381595,-0.5533296,-0.2310056,1.225899E-06,0.9046792,-0.1704278,-0.8291699,0.7751299,1.105806,-0.3970524,-0.822501,3.615197E-08,-3.930916E-06,3.336831E-06,0.08483616,-0.4069054,0.1382627,0.08010285,0.7378879,-0.1901583,-0.2919022,-1.437185E-06,5.691821E-08,-0.1210388,-0.546739,0.3698435,0.07585793,-0.06556482,-0.0880966,1.343004,-0.9999992,5.844123E-07,-0.9999995,-0.9999999,-0.9999993,-2.812038E-08,-1,-0.9999992,-0.9999999,4.319576E-07,-0.9999998,-0.9999989,-1,-2.770666E-06,-0.9999996,-1.000001,-0.9999977,-1.377554E-06,-1,-0.9999991,-0.9999968,-9.58748E-07,-0.999998,-0.9999993,-0.9999999,1.114065E-07,-1,-0.9999999,-0.9999999,4.231919E-09,-1.000002,-0.9999981,-0.9999956,1.10962E-07,-1,-0.9999989,-0.9999996,3.791308E-07,-0.9999998,-1.000001,0.09702781,0.07608186,0.06896191,0.9899704,-0.4837599,0.03726852,0.04808604,0.8730837,0.02871806,0.1441493,-0.7608182,0.6321011,0.1334481,-0.4278019,-0.7051758,0.5494581,9.774937E-09,0.01418314,9.003233E-11,1.646304E-09,0.01418314,4.501621E-11,8.231591E-10,0.02861735,-4.115763E-10,-4.115688E-10,0.02861733,1.234728E-09,
0,0.8978723,0,-0.03659153,-0.07040316,0.009400835,0.9968029,4.268868E-08,4.695754E-07,4.268867E-08,-0.4179141,-0.07059469,-6.042371E-07,0.0362464,-0.3743258,0.7561516,-1.024528E-06,1.707547E-07,0,-7.257076E-07,-4.69575E-07,1.62217E-06,0,0,0,0,0,0,0.4438332,-0.007408998,-0.2367947,0.5665382,0.133481,-0.5526077,-0.266956,1.430871E-06,0.9456756,-0.2233124,-0.7321197,0.755866,1.049186,-0.4891805,-0.8426844,2.41191E-07,-2.981092E-06,-1.181053E-06,0.03946353,-0.412612,0.06032072,0.15613,0.8600611,-0.2956028,-0.4423921,-6.168513E-06,7.968551E-07,-0.09195865,-0.4001393,0.3838412,-0.04420275,0.2508124,0.104344,1.385677,-0.9999992,5.844123E-07,-0.9999992,-0.9999999,-0.9999993,-2.812038E-08,-1.000001,-0.9999995,-0.9999999,4.319576E-07,-1,-0.9999989,-0.9999999,1.357571E-06,-0.9999996,-1.000001,-0.9999961,-1.30416E-06,-1,-0.9999989,-0.9999992,-6.935553E-07,-0.999998,-0.999999,-1,-9.923104E-07,-1.000001,-0.9999991,-0.9999996,4.231932E-09,-1.000002,-0.9999988,-0.9999956,1.10962E-07,-1,-1.000002,-0.9999995,-3.843679E-08,-0.9999991,-0.9999999,0.1767285,0.1203992,0.1064511,0.9710507,-0.4949585,-0.0740956,0.1068829,0.8591286,0.03791719,0.1476713,-0.7601001,0.6316672,0.1240141,-0.4055734,-0.7333571,0.5313362,9.774937E-09,0.01418314,9.003233E-11,1.646304E-09,0.01418314,4.501621E-11,8.231591E-10,0.02861735,-4.115763E-10,-4.115688E-10,0.02861733,1.234728E-09,
0,0.8893617,0,0.007189989,-0.1023017,0.01956065,0.9945351,4.268868E-08,4.268868E-08,0,-0.111494,-0.2169863,-6.426552E-07,-0.5548171,-0.2176131,0.4891181,-6.830188E-07,8.537732E-08,-1.28066E-07,-3.415093E-07,-5.12264E-07,8.537733E-08,0,0,0,0,0,0,0.2875018,0.005019381,-0.2090737,0.5502499,0.1220536,-0.4233181,-0.3081146,4.058759E-07,0.7892229,-0.2697813,-0.4479558,0.6810984,0.8712202,-0.5165754,-0.736058,2.41191E-07,4.606819E-07,2.805002E-06,-0.006189151,-0.428691,-0.005148771,0.1211625,1.681714,-0.2995003,0.05432368,9.60495E-08,0,-0.06726065,-0.1843195,0.4666937,-0.3163835,0.254844,0.02405139,1.419023,-0.9999995,-7.802498E-07,-0.999999,-0.9999999,-0.9999999,-1.283527E-06,-0.9999994,-0.9999998,-0.9999996,1.724599E-06,-1.000001,-0.9999989,-1,-2.770666E-06,-1,-1.000001,-0.9999981,-1.212579E-06,-0.9999997,-0.9999989,-0.9999992,-6.935553E-07,-0.9999929,-0.999999,-0.9999999,5.40083E-07,-1,-0.9999991,-0.9999996,1.507255E-06,-1.000002,-0.9999988,-0.9999956,1.10962E-07,-1,-0.9999995,-0.9999977,-1.19719E-06,-0.9999991,-1,0.08353824,0.4190496,0.1665893,0.888632,-0.5076129,-0.07306413,0.05679062,0.8566012,0.05405486,0.1500438,-0.7220919,0.6731629,0.09421095,-0.349988,-0.7452887,0.5596227,9.774937E-09,0.01418314,9.003233E-11,1.646304E-09,0.01418314,4.501621E-11,8.231591E-10,0.02861735,-4.115763E-10,-4.115688E-10,0.02861733,1.234728E-09,
0,0.8723404,0,0.04735896,-0.1469296,0.02999399,0.9875572,4.268868E-08,4.695754E-07,4.268867E-08,-0.1469186,-0.3049023,-6.448122E-07,-0.4926512,-0.2494402,0.4283053,-1.024528E-06,1.707547E-07,0,2.561319E-07,-4.695755E-07,8.110848E-07,0,0,0,0,0,0,0.2457305,-0.008635559,-0.3654527,0.6483438,0.2450189,-0.2158934,-0.3741194,1.225899E-06,0.837612,-0.2957502,-0.7932795,0.8231937,1.084186,-0.4518839,-0.44418,3.615197E-08,-6.175628E-06,7.168139E-07,-0.1112078,-0.3542133,-0.05031116,-0.0653169,1.652465,-0.3291546,-0.139825,1.001405E-06,-1.138364E-07,-0.2494505,0.05237978,0.5918723,-0.5677819,0.2445931,-0.248641,1.07091,-0.9999992,5.844123E-07,-0.9999995,-0.9999999,-0.9999999,-1.283527E-06,-1.000001,-0.9999998,-0.9999999,4.319576E-07,-1.000001,-0.9999989,-1,-2.770666E-06,-1,-1.000001,-0.9999996,1.563576E-08,-1.000001,-0.9999989,-0.9999994,-1.509403E-07,-0.999998,-0.999999,-0.9999999,1.114065E-07,-1.000001,-0.9999999,-0.9999999,4.231919E-09,-1.000002,-0.9999988,-0.9999994,3.390648E-07,-1,-1,-0.9999995,-3.843679E-08,-0.9999991,-1.000001,0.1433671,0.4089677,0.1363718,0.8908389,-0.4002087,-0.07106487,-0.1193917,0.9058303,0.04270196,0.1927845,-0.6593769,0.725419,0.2243969,-0.3846979,-0.6950539,0.5644056,9.774937E-09,0.01418314,9.003233E-11,1.646304E-09,0.01418314,4.501621E-11,8.231591E-10,0.02861735,-4.115763E-10,-4.115688E-10,0.02861733,1.234728E-09,
0,0.8723404,0,0.0731737,-0.1793285,0.04691279,0.9799418,4.268868E-08,4.268868E-08,0,-0.2171426,-0.3527608,4.313636E-08,-0.3953692,-0.4801908,0.4409931,-5.12264E-07,-5.122641E-07,-1.28066E-07,8.110853E-07,9.818392E-07,1.451415E-06,0,0,0,0,0,0,0.1082646,-0.001169861,-0.3392923,0.6171998,0.2296191,-0.1276719,-0.4203082,9.526912E-07,0.7055535,-0.3440795,-0.4288297,0.7414994,0.8602256,-0.490867,-0.3730863,7.201046E-07,-6.204087E-06,-9.604955E-07,-0.1126943,-0.2528459,-0.09007286,-0.2412056,1.368382,-0.4066182,-0.5066146,-1.437185E-06,5.691821E-08,-0.6221347,0.1508371,0.6927744,-0.598487,0.2184187,-0.4678863,0.5885017,-0.9999995,-7.802498E-07,-0.9999995,-0.9999996,-0.9999999,-1.283527E-06,-1,-0.9999992,-0.9999996,1.724599E-06,-1,-0.9999989,-0.9999995,3.197246E-08,-1,-1.000001,-0.9999977,-1.377554E-06,-1.000001,-0.9999989,-0.9999956,-6.037609E-07,-0.999998,-0.999999,-0.9999996,0,-1,-0.9999997,-0.9999999,4.231919E-09,-1.000002,-0.9999988,-0.9999977,1.47797E-06,-1,-1.000001,-0.9999995,-3.843679E-08,-1.000001,-1,0.2545561,0.3024783,0.1164774,0.9111207,-0.2421958,-0.06275608,-0.2756463,0.9281282,0.06055676,0.1948044,-0.6296589,0.7496092,0.1673951,-0.3093125,-0.7240476,0.5933462,9.774937E-09,0.01418314,9.003233E-11,1.646304E-09,0.01418314,4.501621E-11,8.231591E-10,0.02861735,-4.115763E-10,-4.115688E-10,0.02861733,1.234728E-09,
0,0.8765957,0,0.08592093,-0.2083229,0.07330578,0.9715171,4.268868E-08,4.268868E-08,0,-0.2780074,-0.3486223,0,-0.272284,-0.5025826,0.3781798,-1.536792E-06,8.53774E-08,8.537736E-08,4.695754E-07,-1.280661E-07,4.695754E-07,0,0,0,0,0,0,0.0489206,0.009471965,-0.4540631,0.6440408,0.309327,-0.01510324,-0.5208413,1.225899E-06,0.6002408,-0.3518965,-0.07934121,0.662731,0.631799,-0.584515,-0.2789193,2.41191E-07,-5.738069E-06,2.826346E-06,-0.175178,-0.09489001,-0.0635194,-0.4248366,1.408597,-0.4569133,-0.1030444,2.116646E-07,-3.154048E-15,-0.5688803,0.194235,0.6301525,-0.4646089,0.1799588,-0.4223605,0.2612942,-0.9999995,1.566614E-06,-0.9999995,-0.9999999,-0.9999999,-1.283527E-06,-1.000001,-0.9999992,-0.9999998,1.50537E-06,-1.000001,-0.9999989,-1,-2.770666E-06,-0.9999996,-1.000001,-0.9999958,-9.975224E-07,-1,-0.9999989,-0.9999992,-6.935553E-07,-0.999998,-0.999999,-0.9999996,-1.061376E-06,-1,-0.9999991,-0.9999996,4.231932E-09,-1.000001,-0.9999981,-0.9999956,1.10962E-07,-1,-0.9999989,-0.9999995,-3.843679E-08,-0.9999991,-1,0.1734954,0.3111653,0.2251095,0.9068635,-0.1395517,-0.05474255,-0.2524545,0.9559264,0.06879887,0.2319332,-0.5928119,0.7681457,0.1285976,-0.2368018,-0.7588809,0.5928636,9.774937E-09,0.01418314,9.003233E-11,1.646304E-09,0.01418314,4.501621E-11,8.231591E-10,0.02861735,-4.115763E-10,-4.115688E-10,0.02861733,1.234728E-09,
0,0.8808511,0,0.0985156,-0.2369484,0.09956868,0.961372,4.268868E-08,4.268868E-08,0,-0.1512482,-0.4328153,3.459155E-07,-0.5009155,-0.3587538,0.2208086,-1.024528E-06,1.707547E-07,0,1.024528E-06,8.964624E-07,-3.841981E-07,0,0,0,0,0,0,-0.009583711,0.007409566,-0.6048802,0.6677391,0.414885,0.1115642,-0.6117055,1.430871E-06,0.509291,-0.3296746,0.1837494,0.5825344,0.4565683,-0.6729662,-0.1710684,-3.74393E-07,2.159336E-06,4.370253E-06,-0.3316466,0.05867952,0.1028076,-0.5486828,1.592239,-0.3869248,0.66087,-1.508333E-06,7.399369E-07,-0.4474458,0.1006868,0.5955231,-0.141392,0.06913884,-0.4086795,-0.1498519,-0.9999994,-1.264818E-07,-0.9999995,-0.9999999,-0.9999981,-1.178858E-06,-1.000001,-0.9999995,-0.9999999,4.319576E-07,-1,-0.9999989,-1,-2.770666E-06,-1,-1.000001,-0.9999977,-1.377554E-06,-1.000001,-0.9999989,-0.9999992,-6.935553E-07,-0.999998,-0.999999,-0.9999996,0,-1,-0.9999997,-0.9999999,4.231919E-09,-1.000002,-0.9999993,-0.9999969,-2.310677E-08,-1.000001,-1.000001,-0.9999995,-3.843679E-08,-0.9999998,-1,-0.03447742,0.3621748,0.344191,0.865548,-0.0132831,-0.01809951,-0.2515404,0.9675863,0.07204664,0.2771222,-0.5512772,0.7836493,0.1048036,-0.1782183,-0.7870327,0.5812348,9.774937E-09,0.01418314,9.003233E-11,1.646304E-09,0.01418314,4.501621E-11,8.231591E-10,0.02861735,-4.115763E-10,-4.115688E-10,0.02861733,1.234728E-09,
0,0.8808511,0,0.110936,-0.2651543,0.1256554,0.9495248,4.268868E-08,4.268868E-08,0,-0.1106904,-0.5653545,3.049544E-07,-0.5603397,-0.1164808,0.09167627,-6.830189E-07,5.122641E-07,4.268868E-08,1.280663E-07,-1.835613E-06,-4.268867E-07,0,0,0,0,0,0,-0.05175452,-0.004348273,-0.7536665,0.6755068,0.5182927,0.2348147,-0.690961,1.430871E-06,0.4459551,-0.306048,0.3600599,0.5155144,0.3366916,-0.7480379,-0.05209006,2.41191E-07,-1.654186E-06,6.232547E-06,-0.6675913,0.02454243,0.4170785,-0.5988193,1.888762,0.06289514,1.221259,-1.437185E-06,5.691821E-08,-0.2622238,-0.03425213,0.627373,0.3197846,-0.05549745,-0.4033082,-0.6938758,-0.9999995,-7.802498E-07,-0.9999995,-0.9999999,-1,-4.152448E-08,-1,-0.9999995,-0.9999996,1.724599E-06,-1,-0.9999992,-1,-2.770666E-06,-1,-1.000001,-0.9999958,-9.975224E-07,-1,-0.9999989,-0.9999992,-6.935553E-07,-0.999998,-0.999999,-0.9999996,5.4167E-07,-1,-0.9999997,-0.9999999,4.231919E-09,-1.000001,-0.9999972,-0.9999987,1.663287E-06,-1,-0.9999989,-0.9999995,-3.843679E-08,-0.9999998,-1,-0.345214,0.4416415,0.2937942,0.7742512,0.1552699,0.02304541,-0.2682539,0.9504737,0.07610118,0.3206553,-0.5104942,0.7942195,0.09695718,-0.1347673,-0.8080193,0.5652803,9.774937E-09,0.01418314,9.003233E-11,1.646304E-09,0.01418314,4.501621E-11,8.231591E-10,0.02861735,-4.115763E-10,-4.115688E-10,0.02861733,1.234728E-09,
0,0.8765957,0,0.1231597,-0.2928907,0.1515195,0.9359961,4.268868E-08,4.695754E-07,4.268867E-08,-0.1887358,-0.5027795,3.475683E-07,-0.3920563,-0.2551259,0.04923054,-6.403301E-07,-8.537752E-08,-7.257075E-07,1.067216E-06,-1.109906E-06,1.109905E-06,0,0,0,0,0,0,-0.1066256,-0.03056948,-0.8332691,0.6451387,0.5727374,0.3312079,-0.7680991,2.182192E-06,0.4087084,-0.296506,0.4807278,0.4674069,0.2571228,-0.81121,0.06715533,3.615197E-08,-4.720656E-06,3.287028E-06,-0.6557376,-0.1259421,0.6998221,-0.5516126,-1.765241,0.4479274,1.02894,-1.508333E-06,7.399369E-07,0.06596281,-0.1904227,-0.1920689,1.054906,0.6402892,-0.2520168,-1.418077,-0.9999995,-7.802498E-07,-0.9999995,-0.9999999,-0.9999981,-1.178858E-06,-1,-0.9999992,-0.9999999,4.319576E-07,-1,-0.9999989,-1,-2.770666E-06,-1,-1.000001,-0.9999996,1.563576E-08,-1.000001,-0.9999983,-0.9999992,-6.935553E-07,-0.9999948,-0.999999,-0.9999996,5.4167E-07,-0.9999993,-0.9999991,-0.9999999,4.231919E-09,-1.000002,-0.9999988,-0.9999999,-3.029154E-06,-1,-1.000001,-0.9999995,-3.843679E-08,-0.9999991,-0.9999999,-0.1368047,-0.6854149,-0.468212,0.5406187,0.4512734,-0.2855676,-0.04521042,0.8442509,0.09018238,0.3468472,-0.4782309,0.8017851,0.09929018,-0.1014279,-0.8242312,0.5481759,9.774937E-09,0.01418314,9.003233E-11,1.646304E-09,0.01418314,4.501621E-11,8.231591E-10,0.02861735,-4.115763E-10,-4.115688E-10,0.02861733,1.234728E-09,
0,0.8765957,0,0.1351658,-0.3201087,0.1771156,0.9208099,4.268868E-08,4.268868E-08,0,-1.245129,0.389944,-4.742627E-07,1.566064,-2.119488,0.6132096,4.26887E-08,1.707547E-07,4.695754E-07,1.280661E-06,1.280659E-06,2.518632E-06,0,0,0,0,0,0,-0.1587907,-0.06186293,-0.8823983,0.5994505,0.6004924,0.4026718,-0.8522758,1.430871E-06,0.3935681,-0.3157438,0.5583377,0.4438113,0.2117001,-0.8652508,0.1857865,3.615197E-08,-6.204087E-06,-9.604955E-07,-0.2458385,0.01530354,0.9510583,-0.5562388,-1.22811,0.3533105,0.4529319,6.047561E-08,7.399369E-07,-0.4247182,-0.04422309,0.7419346,0.2738691,-0.2006847,-0.4249139,-0.8279668,-0.9999992,5.844123E-07,-0.9999995,-0.9999999,-0.9999982,-9.22442E-07,-1,-0.9999992,-0.9999999,4.319576E-07,-1.000001,-0.9999986,-0.9999989,-4.842422E-08,-1,-1.000001,-0.9999989,-2.172031E-06,-1.000001,-1.000001,-0.9999992,-6.935553E-07,-0.9999986,-0.9999993,-0.9999996,0,-1,-0.9999999,-0.9999999,4.231919E-09,-1.000002,-0.9999988,-0.9999994,3.390648E-07,-1,-1.000001,-0.9999995,-3.843679E-08,-0.9999991,-1,-0.07963789,-0.599518,-0.3205257,0.72904,0.1795499,0.07545634,-0.2968641,0.9348475,0.10922,0.364982,-0.4541283,0.8053735,0.1110413,-0.07671385,-0.8364947,0.5310944,9.774937E-09,0.01418314,9.003233E-11,1.646304E-09,0.01418314,4.501621E-11,8.231591E-10,0.02861735,-4.115763E-10,-4.115688E-10,0.02861733,1.234728E-09,
0,0.8808511,0,0.1331584,-0.2987851,0.1806232,0.9275621,4.268873E-08,4.695754E-07,2.988207E-07,-1.264759,0.1039504,1.322754E-06,1.63933,-1.554713,0.6136978,-1.835613E-06,3.415097E-07,4.695754E-07,8.537729E-08,-1.195283E-06,1.28066E-07,0,0,0,0,0,0,-0.1441605,-0.04694947,-0.8767693,0.5783277,0.5881006,0.3479993,-0.9185693,1.225899E-06,0.3796114,-0.3230391,0.4018623,0.3813156,0.3364014,-0.9047479,-0.1297952,2.41191E-07,-7.683961E-06,-1.2273E-06,-0.4674793,0.09779913,0.9760938,-0.5485018,-1.243039,0.5275285,0.7826734,-1.508333E-06,7.399369E-07,-0.2943735,-0.4012929,0.9182663,0.4184766,-0.5056585,-0.381698,-0.541382,-0.9999995,-7.802498E-07,-0.9999995,-0.9999999,-0.9999981,-1.178858E-06,-1.000001,-0.9999995,-0.9999998,1.50537E-06,-1.000001,-0.9999989,-0.9999995,-2.58138E-06,-0.9999996,-1.000001,-0.9999977,-1.377554E-06,-0.9999997,-0.9999989,-0.9999992,-6.935553E-07,-0.9999975,-0.9999993,-0.9999999,1.114065E-07,-1,-0.9999997,-0.9999996,1.507255E-06,-1.000001,-0.999998,-0.9999956,1.10962E-07,-1,-1.000002,-0.9999995,-3.843679E-08,-0.9999998,-1,-0.1303214,-0.5624725,-0.4546858,0.6781606,0.06226246,0.1932483,-0.2641175,0.9428788,0.1215097,0.3678259,-0.4744503,0.7904659,0.08893427,-0.1414233,-0.8459226,0.5064632,9.774937E-09,0.01418314,9.003233E-11,1.646304E-09,0.01418314,4.501621E-11,8.231591E-10,0.02861735,-4.115763E-10,-4.115688E-10,0.02861733,1.234728E-09,
0,0.8808511,0,0.1310735,-0.2772165,0.1840517,0.9338606,0,1.152594E-06,0,-1.159096,-0.329283,-5.603869E-07,1.468948,-0.6674262,0.5284855,-4.268867E-07,-4.268868E-07,-6.830188E-07,8.537719E-07,-1.62217E-06,2.732075E-06,0,0,0,0,0,0,-0.106222,0.000333001,-0.8630043,0.5911962,0.5716622,0.2755589,-0.961141,1.430871E-06,0.4251295,-0.3447052,0.215859,0.3564182,0.4776825,-0.8950205,-0.4978779,2.41191E-07,-3.930916E-06,3.336831E-06,-0.8226331,0.1643621,0.8901818,-0.5175547,-1.410697,0.7333967,1.530662,2.831682E-06,-1.422956E-06,0.2022997,-0.6700823,-0.2278857,1.053327,0.6397816,-0.01548574,-0.2285938,-0.9999995,-7.802498E-07,-0.9999995,-0.9999999,-0.9999999,-1.283527E-06,-1,-0.9999992,-0.9999998,1.50537E-06,-0.9999994,-0.9999989,-0.9999989,-4.842422E-08,-1,-1.000001,-0.9999996,1.563576E-08,-1,-0.9999989,-0.9999992,-6.935553E-07,-0.9999966,-0.999999,-0.9999996,0,-1,-0.9999991,-0.9999999,4.231919E-09,-1.000002,-0.9999988,-0.9999958,1.40247E-07,-1,-0.9999989,-0.9999977,-1.19719E-06,-0.9999991,-1,-0.2459283,-0.5120898,-0.6228675,0.5378844,0.03660578,-0.3228196,0.02759072,0.9453498,0.1282385,0.3668265,-0.5000927,0.7738867,0.05911981,-0.2138944,-0.843798,0.4886297,9.774937E-09,0.01418314,9.003233E-11,1.646304E-09,0.01418314,4.501621E-11,8.231591E-10,0.02861735,-4.115763E-10,-4.115688E-10,0.02861733,1.234728E-09,
0,0.8808511,0,0.1289131,-0.255435,0.1873947,0.9396902,4.268868E-08,4.695754E-07,4.268867E-08,-0.8906972,-0.7499067,-4.627407E-07,0.95984,0.2356495,0.3815981,-1.792924E-06,5.122641E-07,0,2.134433E-07,-6.830186E-07,1.707547E-07,0,0,0,0,0,0,-0.07425218,0.04524031,-0.8026658,0.5873526,0.5204027,0.1766201,-0.9960501,1.430871E-06,0.5018936,-0.3439394,0.06066664,0.3463838,0.5881809,-0.8630968,-0.8243851,2.41191E-07,-1.718219E-06,3.708579E-06,-0.998935,0.1915428,0.7284909,-0.3710407,-1.761906,0.6801382,2.413779,2.00281E-06,-1.366038E-06,0.2726804,-0.8631019,-0.2525662,1.052289,0.6639766,0.06054274,0.230996,-0.9999994,-1.264818E-07,-0.9999992,-0.9999999,-1,-4.152448E-08,-1,-0.9999998,-0.9999999,4.319576E-07,-0.9999994,-0.9999989,-0.9999999,-4.477732E-07,-1,-1.000001,-0.9999958,-9.975224E-07,-1,-0.9999989,-0.9999921,-9.58748E-07,-0.9999986,-0.9999993,-0.9999996,-1.061376E-06,-1,-0.9999999,-0.9999999,4.231919E-09,-1,-0.9999988,-0.9999958,-2.903547E-06,-1,-1,-0.9999995,-3.843679E-08,-0.9999991,-1,-0.4238754,-0.4698802,-0.6858357,0.3594049,-0.1312199,-0.3327,0.04625506,0.9327124,0.1389268,0.3539669,-0.5323929,0.7562834,0.02462469,-0.2744192,-0.8364189,0.473805,9.774937E-09,0.01418314,9.003233E-11,1.646304E-09,0.01418314,4.501621E-11,8.231591E-10,0.02861735,-4.115763E-10,-4.115688E-10,0.02861733,1.234728E-09,
0,0.8851064,0,0.1266805,-0.2334731,0.1906463,0.9450378,4.268868E-08,4.268868E-08,0,-0.5661881,-1.020285,-3.70737E-07,0.3243515,0.8326028,0.2501525,-6.830188E-07,8.537732E-08,-1.28066E-07,-5.549529E-07,-4.695753E-07,8.110848E-07,0,0,0,0,0,0,-0.03867882,0.08528452,-0.7643238,0.5927324,0.4859658,0.09207425,-1.016949,1.430871E-06,0.5656586,-0.3253523,-0.04933542,0.3465446,0.6610706,-0.8190742,-1.046739,3.615197E-08,-4.677967E-06,-1.061881E-06,-0.9979953,0.1207834,0.6458039,-0.1551604,1.850676,0.1696402,2.849095,-1.508333E-06,7.399369E-07,0.3167903,-0.9825535,-0.2731192,1.051453,0.6878545,0.1120295,0.5093249,-0.9999995,-7.802498E-07,-0.9999992,-0.9999999,-0.9999981,-1.178858E-06,-1,-0.9999992,-0.9999996,-2.945015E-06,-1,-0.9999989,-1,-2.770666E-06,-1,-1.000001,-0.999998,-3.02813E-06,-1,-0.9999983,-0.9999956,-7.42472E-07,-0.999998,-0.999999,-0.9999999,1.114065E-07,-1,-0.9999997,-0.9999999,4.231919E-09,-1.000002,-0.9999988,-0.9999976,-2.31067E-08,-1.000001,-1,-0.9999995,-3.843679E-08,-0.9999998,-1,-0.6322844,0.230812,0.5840937,0.4536263,-0.2322538,-0.3384099,0.05637761,0.910142,0.1449396,0.3449804,-0.5595028,0.7395524,-0.002970672,-0.3160037,-0.8259095,0.4669114,9.774937E-09,0.01418314,9.003233E-11,1.646304E-09,0.01418314,4.501621E-11,8.231591E-10,0.02861735,-4.115763E-10,-4.115688E-10,0.02861733,1.234728E-09,
0,0.8851064,0,0.1243793,-0.211365,0.1938007,0.9498926,4.268868E-08,4.268868E-08,0,-0.3383471,-1.134136,-5.119805E-07,-0.1257098,1.09384,0.1923081,-6.830189E-07,5.122641E-07,4.268868E-08,-4.695754E-07,-4.695754E-07,0,0,0,0,0,0,0,-0.0004912497,0.1133363,-0.7967498,0.6170849,0.5054767,0.05460515,-1.036871,1.430871E-06,0.5617607,-0.3165334,-0.1003727,0.3334835,0.6982337,-0.7796985,-1.137227,3.615197E-08,-1.120578E-06,7.915191E-07,-0.9396355,0.03677498,0.6359848,0.01760816,1.560909,-0.4622459,2.921194,-1.437185E-06,5.691821E-08,0.3247222,-1.049176,-0.2831056,1.051058,0.6980399,0.1472729,0.6548684,-0.9999992,5.844123E-07,-0.9999995,-0.9999999,-0.9999999,-1.283527E-06,-1.000001,-0.9999995,-0.9999999,4.319576E-07,-1,-0.9999989,-1,-2.770666E-06,-1,-1.000001,-0.9999994,-1.325085E-06,-1.000001,-0.9999989,-0.9999968,-9.58748E-07,-0.999998,-0.9999993,-0.9999996,0,-1,-0.9999999,-0.9999999,4.231919E-09,-1.000002,-0.9999988,-0.9999976,-2.31067E-08,-1.000001,-0.9999995,-0.9999992,-1.088831E-06,-0.9999998,-1,-0.5376343,0.1610738,0.6871156,0.4613858,-0.2851163,-0.338636,0.06569137,0.8942701,0.1421975,0.3524449,-0.573074,0.7260501,-0.01469371,-0.3358255,-0.8167303,0.4689957,9.774937E-09,0.01418314,9.003233E-11,1.646304E-09,0.01418314,4.501621E-11,8.231591E-10,0.02861735,-4.115763E-10,-4.115688E-10,0.02861733,1.234728E-09,
0,0.8893617,0,0.1220115,-0.1891451,0.1968526,0.9542465,4.268868E-08,4.268868E-08,0,-0.2448123,-1.098607,2.770632E-07,-0.3098448,1.050611,0.2155147,-6.830189E-07,5.122641E-07,4.268868E-08,-3.415093E-07,8.964621E-07,2.988207E-07,0,0,0,0,0,0,-0.004877766,0.09048888,-0.8200165,0.572299,0.5169678,0.02235641,-1.099883,1.430871E-06,0.437925,-0.3393238,-0.05956407,0.2653094,0.6905768,-0.781569,-1.102473,2.41191E-07,-6.204087E-06,-9.604955E-07,-0.890984,-0.00393204,0.622436,0.06725284,1.38482,-0.7703521,2.740503,-6.090251E-06,5.691832E-08,0.3076686,-1.067939,-0.2810393,1.051144,0.6986972,0.1577814,0.6907428,-0.999999,1.31675E-06,-0.9999992,-0.9999999,-0.9999987,-1.240017E-06,-1,-0.9999995,-0.9999999,4.319576E-07,-1,-0.9999989,-1,-2.770666E-06,-1,-1.000001,-0.9999996,1.563576E-08,-1,-0.9999998,-0.9999992,-6.935553E-07,-0.9999986,-0.999999,-0.9999999,1.114065E-07,-1,-0.9999997,-0.9999996,4.231932E-09,-1.000002,-0.9999985,-0.9999976,-2.31067E-08,-1,-0.9999989,-0.9999977,-1.19719E-06,-0.9999998,-1,-0.4398184,0.1369721,0.728471,0.5070784,-0.2981236,-0.3367559,0.06954453,0.8904389,0.151088,0.361835,-0.5837988,0.7109337,-0.009509143,-0.330662,-0.817243,0.4718962,9.774937E-09,0.01418314,9.003233E-11,1.646304E-09,0.01418314,4.501621E-11,8.231591E-10,0.02861735,-4.115763E-10,-4.115688E-10,0.02861733,1.234728E-09,
0,0.906383,0,0.1195827,-0.1668493,0.1997977,0.958093,4.268868E-08,4.268868E-08,0,-0.2426547,-1.000597,9.115228E-08,-0.3156091,0.8840889,0.2849367,-1.536792E-06,8.53774E-08,8.537736E-08,1.750235E-06,2.305188E-06,-5.549527E-07,0,0,0,0,0,0,-0.005858182,0.05763893,-0.9105545,0.5402805,0.5799396,0.03789762,-1.180575,1.225899E-06,0.2735405,-0.3656204,0.04867218,0.2160392,0.6375462,-0.8065333,-0.8787394,2.41191E-07,-6.204087E-06,-9.604955E-07,-0.8291741,-0.0162572,0.5817736,0.05446854,1.282787,-0.8585435,2.401203,-6.090251E-06,5.691832E-08,0.2689544,-1.038409,-0.2667847,1.051717,0.6893085,0.138873,0.6187273,-0.9999992,5.844123E-07,-0.9999992,-0.9999999,-0.9999999,-1.283527E-06,-1,-0.9999995,-0.9999999,4.319576E-07,-1.000001,-0.9999989,-0.9999989,1.148787E-06,-0.9999996,-1.000001,-0.999998,-3.02813E-06,-1.000001,-0.9999983,-0.9999956,-6.037609E-07,-0.999998,-0.999998,-0.9999996,-1.061376E-06,-1,-0.9999994,-0.9999999,4.231919E-09,-1.000001,-0.9999988,-0.9999956,1.10962E-07,-1,-0.9999989,-0.9999995,-3.843679E-08,-0.9999998,-1,-0.3406416,0.1361238,0.7280194,0.5791557,-0.2717905,-0.3331215,0.0653752,0.9004921,0.155557,0.3881688,-0.581568,0.6977862,0.02344716,-0.2939534,-0.8234519,0.4847355,9.774937E-09,0.01418314,9.003233E-11,1.646304E-09,0.01418314,4.501621E-11,8.231591E-10,0.02861735,-4.115763E-10,-4.115688E-10,0.02861733,1.234728E-09,
0,0.9191489,0,0.1170959,-0.1445128,0.2026319,0.9614286,4.268868E-08,4.268868E-08,0,-0.3101578,-0.9041335,0,-0.1885238,0.721882,0.3793013,-5.12264E-07,-5.122641E-07,-1.28066E-07,-2.134424E-07,1.750236E-06,1.579481E-06,0,0,0,0,0,0,0.03319323,0.07978366,-1.056709,0.5911666,0.686772,0.1120338,-1.209843,1.704412E-06,0.1918087,-0.3620367,0.2069983,0.2640449,0.5248305,-0.8239077,-0.445141,3.615197E-08,-6.204087E-06,-9.604955E-07,-0.7285457,-0.008914108,0.5266654,0.02916728,1.235267,-0.8577123,1.992483,9.60495E-08,0,0.1988437,-0.9388068,-0.2402816,1.052814,0.6639612,0.07982201,0.3860584,-0.9999994,-1.264818E-07,-0.9999995,-0.9999999,-0.9999999,-1.283527E-06,-1.000001,-0.9999995,-0.9999999,4.319576E-07,-1,-0.9999989,-0.9999999,1.357571E-06,-1,-1.000001,-0.9999968,-1.251004E-06,-0.9999997,-0.9999998,-0.9999992,-6.935553E-07,-0.9999986,-0.9999993,-0.9999999,1.114065E-07,-1,-0.9999999,-0.9999996,4.231932E-09,-1.000001,-0.9999981,-0.9999976,-2.31067E-08,-1,-0.9999989,-0.9999995,-3.843679E-08,-0.9999998,-1,-0.2408215,0.1476042,0.7001886,0.6557088,-0.1859725,-0.3254525,0.04822192,0.9258346,0.1442059,0.4228719,-0.5631738,0.6951398,0.07983339,-0.2206663,-0.8260399,0.5124364,9.774937E-09,0.01418314,9.003233E-11,1.646304E-09,0.01418314,4.501621E-11,8.231591E-10,0.02861735,-4.115763E-10,-4.115688E-10,0.02861733,1.234728E-09,
0,0.9276596,0,0.1145559,-0.122171,0.2053515,0.964252,4.268868E-08,4.695754E-07,4.268867E-08,-0.3866603,-0.7747361,4.020876E-07,-0.04375309,0.4947852,0.4820941,-2.134434E-06,5.122642E-07,1.28066E-07,1.109905E-06,-4.268867E-07,8.537734E-08,0,0,0,0,0,0,0.04787167,0.1071922,-1.141349,0.6210482,0.7476111,0.158539,-1.237828,1.430871E-06,0.2278624,-0.349366,0.4008646,0.3751137,0.3663296,-0.8192682,0.03072421,2.41191E-07,-2.98465E-06,3.863325E-06,-0.6210783,0.004815407,0.4832996,-0.02407091,1.218744,-0.7961988,1.575082,9.60495E-08,0,-0.3000585,-0.6356176,0.5549169,0.4520766,-0.273996,-0.1686292,0.4649644,-0.9999971,-7.190185E-07,-0.9999995,-0.9999999,-0.9999999,3.787222E-07,-1,-0.9999992,-0.9999998,-2.596548E-06,-1,-0.9999989,-0.9999979,-1.488909E-07,-1,-1.000001,-0.9999981,-1.212579E-06,-1,-0.9999983,-0.9999972,6.324092E-07,-0.9999986,-0.9999993,-0.9999999,1.114065E-07,-1,-0.9999999,-0.9999996,4.231932E-09,-1.000001,-0.9999988,-0.9999956,1.10962E-07,-1,-1,-0.9999977,-1.19719E-06,-0.9999991,-1,-0.1590075,0.1668245,0.6426644,0.7306632,-0.213219,0.1130715,-0.03679632,0.9697415,0.1412461,0.4439529,-0.5514821,0.6919703,0.1274899,-0.1294931,-0.8220167,0.5396911,9.774937E-09,0.01418314,9.003233E-11,1.646304E-09,0.01418314,4.501621E-11,8.231591E-10,0.02861735,-4.115763E-10,-4.115688E-10,0.02861733,1.234728E-09,
0,0.9404255,0,0.1119672,-0.09985939,0.2079532,0.9665644,-3.434998E-14,7.683961E-07,-1.28066E-07,-0.4246494,-0.6515219,-6.198948E-07,0.02449773,0.2812943,0.569584,-6.830188E-07,8.537732E-08,-1.28066E-07,-5.976423E-07,-1.963679E-06,1.323349E-06,0,0,0,0,0,0,0.05278926,0.1257556,-1.114357,0.6226752,0.7248313,0.1354229,-1.253144,1.430871E-06,0.3230651,-0.3834623,0.5189299,0.5052028,0.2613612,-0.7713544,0.3352103,3.615197E-08,-4.574803E-06,1.054766E-06,-0.5219357,0.01098403,0.4666238,-0.07360236,1.204736,-0.7196429,1.220362,-6.090251E-06,5.691832E-08,-0.3445157,-0.3918929,0.4694439,0.2631543,-0.1200663,-0.2346238,0.3653875,-0.9999995,-7.802498E-07,-0.9999995,-0.999999,-0.9999999,-1.283527E-06,-1.000001,-0.9999995,-0.9999998,1.50537E-06,-1.000001,-0.9999998,-1,-2.770666E-06,-1,-1.000001,-0.9999994,-1.325085E-06,-1,-0.9999998,-0.9999968,-9.58748E-07,-0.9999986,-0.9999993,-0.9999996,5.4167E-07,-1,-0.9999991,-0.9999996,4.231932E-09,-1.000001,-0.9999988,-0.9999999,-3.029154E-06,-0.9999998,-0.9999995,-0.9999995,-3.843679E-08,-0.9999998,-1.000001,-0.1005615,0.1827642,0.57348,0.7922155,-0.1842889,0.05505273,-0.1009315,0.9761248,0.1472511,0.4384826,-0.5579377,0.6890252,0.155112,-0.06788853,-0.8078188,0.5645887,9.774937E-09,0.01418314,9.003233E-11,1.646304E-09,0.01418314,4.501621E-11,8.231591E-10,0.02861735,-4.115763E-10,-4.115688E-10,0.02861733,1.234728E-09,
0,0.9531915,0,0.1112066,-0.09476846,0.1833191,0.9721348,4.268868E-08,4.695754E-07,4.268867E-08,-0.4733627,-0.7007421,4.457051E-08,0.09308464,0.5597512,0.6602668,-1.024528E-06,1.707547E-07,0,4.268788E-08,-1.366038E-06,1.664858E-06,0,0,0,0,0,0,0.1270625,0.1250567,-1.153716,0.6906033,0.7621692,0.1243014,-1.092322,1.430871E-06,0.3936005,-0.3951248,0.4724829,0.611348,0.2742377,-0.6693074,0.3577213,2.41191E-07,-5.738069E-06,2.826346E-06,-0.4666714,-0.005201567,0.4774175,-0.04740473,1.08972,-0.8251646,1.004304,6.529587E-06,1.945968E-13,-0.3306273,-0.3381855,0.435384,0.2001373,-0.07503127,-0.2511426,0.3206852,-0.9999994,-1.264818E-07,-0.9999992,-0.9999999,-0.9999987,-1.240017E-06,-1,-0.9999992,-0.9999996,2.329032E-08,-1.000001,-0.9999989,-1,-2.770666E-06,-1,-1.000001,-0.9999958,-9.975224E-07,-1,-0.9999989,-0.9999956,-7.42472E-07,-0.9999986,-0.999999,-0.9999996,5.4167E-07,-1.000001,-0.9999997,-0.9999996,4.231932E-09,-1.000001,-0.9999988,-0.9999977,1.47797E-06,-1,-0.9999989,-0.9999977,-1.19719E-06,-0.9999998,-1,-0.02227959,0.1447527,0.5918803,0.7926083,-0.1690212,0.03769167,-0.1180008,0.977797,0.1016144,0.4349653,-0.5617349,0.6963718,0.1605064,-0.06732794,-0.7805637,0.600354,9.774937E-09,0.01418314,9.003233E-11,1.646304E-09,0.01418314,4.501621E-11,8.231591E-10,0.02861735,-4.115763E-10,-4.115688E-10,0.02861733,1.234728E-09,
0,0.9489362,0,0.1107976,-0.09219488,0.1709349,0.9746821,4.268868E-08,4.695754E-07,4.268867E-08,-0.5020078,-0.6781797,1.381331E-06,0.1415445,0.6073962,0.7150562,-1.750236E-06,1.024528E-06,2.561321E-07,2.134443E-07,-1.792924E-06,-1.451415E-06,0,0,0,0,0,0,0.2137748,0.1553871,-1.231617,0.771194,0.8177508,0.1000325,-0.9614316,1.430871E-06,0.4479477,-0.4508643,0.1974115,0.7160841,0.4568747,-0.5680006,0.3090845,2.41191E-07,-1.120578E-06,7.915191E-07,-0.388299,-0.0213109,0.4856372,-0.0426179,1.059245,-0.8186833,0.8610523,9.622737E-07,6.830188E-07,-0.3578467,-0.3225838,0.3970433,0.1459506,-0.06479473,-0.232735,0.3471391,-0.9999994,-1.264818E-07,-0.9999995,-0.9999999,-0.9999999,-2.374243E-06,-1,-0.9999995,-0.9999996,-2.945015E-06,-1,-0.9999989,-1,-2.770666E-06,-1,-1.000001,-0.999998,-3.02813E-06,-1,-0.9999991,-0.9999968,-9.58748E-07,-0.999998,-0.9999993,-0.9999999,1.114065E-07,-1,-0.9999997,-0.9999999,4.231919E-09,-1.000002,-0.9999988,-0.9999999,-3.029154E-06,-1,-1.000001,-0.9999995,-3.843679E-08,-0.9999998,-1,0.006650642,0.1391789,0.5731281,0.8075327,-0.1757949,0.03369717,-0.1047597,0.9782566,0.05166529,0.4454013,-0.5683526,0.6898722,0.199702,-0.1182709,-0.7429067,0.6278701,9.774937E-09,0.01418314,9.003233E-11,1.646304E-09,0.01418314,4.501621E-11,8.231591E-10,0.02861735,-4.115763E-10,-4.115688E-10,0.02861733,1.234728E-09,
0,0.9446809,0,0.1103702,-0.08960429,0.1585137,0.9770685,4.268868E-08,4.695754E-07,4.268867E-08,-0.486084,-0.5914335,-5.74909E-07,0.1077725,0.530856,0.7720251,-1.024528E-06,1.707547E-07,0,1.280662E-07,9.818395E-07,5.549528E-07,0,0,0,0,0,0,0.1398596,0.1049837,-0.7508929,0.6509917,0.4792343,-0.0614401,-0.8973096,1.430871E-06,0.3691646,-0.3675822,0.3405346,0.612081,0.3636291,-0.6053098,0.2235243,2.41191E-07,-9.711673E-07,1.760908E-07,-0.3044439,-0.03692316,0.5041082,-0.06144922,1.040396,-0.7750224,0.7449775,-1.437185E-06,5.691821E-08,-0.3668955,-0.343276,0.3405928,0.09140176,-0.05177776,-0.1858538,0.4746585,-0.9999995,-7.802498E-07,-0.9999992,-0.9999999,-0.9999981,-1.178858E-06,-1,-0.9999995,-0.9999996,-2.945015E-06,-1.000001,-0.9999989,-0.9999999,-4.477732E-07,-1,-1.000001,-0.9999983,-2.036173E-06,-1,-0.9999989,-0.9999992,-6.935553E-07,-0.9999975,-0.9999993,-0.9999999,1.114065E-07,-1,-0.9999991,-0.9999996,4.231932E-09,-1.000001,-0.9999988,-0.9999976,-2.31067E-08,-1,-0.9999995,-0.9999995,-3.843679E-08,-0.9999991,-0.9999999,0.0162062,0.1391917,0.5398322,0.8300267,-0.2139621,0.02855092,-0.06639184,0.9741649,0.1089059,0.3273238,-0.6113128,0.7122467,0.1564448,-0.1066711,-0.7627664,0.6183314,9.774937E-09,0.01418314,9.003233E-11,1.646304E-09,0.01418314,4.501621E-11,8.231591E-10,0.02861735,-4.115763E-10,-4.115688E-10,0.02861733,1.234728E-09,
0,0.9404255,0,0.1099237,-0.08699772,0.1460618,0.9792927,4.268868E-08,4.695754E-07,4.268867E-08,-0.4686645,-0.5069128,1.405906E-06,0.07338355,0.458933,0.8300058,-5.12264E-07,-5.122641E-07,-1.28066E-07,-4.268865E-08,-2.134434E-07,-2.988207E-07,0,0,0,0,0,0,0.1201435,0.09807028,-0.5306838,0.5984435,0.3241604,-0.1634681,-0.7872061,1.430871E-06,0.3077661,-0.327313,0.3080494,0.5406613,0.3923619,-0.6142128,0.09063466,2.41191E-07,-1.789367E-06,6.912008E-06,-0.2227745,-0.04749248,0.522649,-0.06813417,1.017402,-0.7416149,0.6424731,9.622737E-07,6.830188E-07,-0.3667177,-0.3787493,0.2780324,0.06840198,-0.03931689,-0.126114,0.5809643,-0.9999992,5.844123E-07,-0.9999995,-0.9999996,-0.9999999,-1.283527E-06,-1,-0.9999992,-0.9999998,1.50537E-06,-1,-0.9999989,-1,-2.770666E-06,-1,-1.000001,-0.9999995,5.540443E-07,-1,-0.9999991,-0.9999956,-7.42472E-07,-0.999998,-0.999999,-0.9999999,1.114065E-07,-1,-0.9999997,-0.9999999,4.231919E-09,-1.000002,-0.9999988,-0.9999976,-2.31067E-08,-0.9999991,-1.000002,-0.9999977,-1.19719E-06,-0.9999998,-1,0.02668391,0.1363945,0.5116323,0.8478897,-0.2441689,0.02319241,-0.02110177,0.9692257,0.116608,0.268095,-0.6392938,0.711218,0.1373327,-0.1309858,-0.7678057,0.6119288,9.774937E-09,0.01418314,9.003233E-11,1.646304E-09,0.01418314,4.501621E-11,8.231591E-10,0.02861735,-4.115763E-10,-4.115688E-10,0.02861733,1.234728E-09,
0,0.9361702,0,0.1094594,-0.08437678,0.1335857,0.9813532,4.268868E-08,4.695754E-07,4.268867E-08,-0.4580531,-0.4239918,-7.867098E-07,0.05497123,0.3898671,0.8902713,-6.830188E-07,8.537732E-08,-1.28066E-07,1.707546E-07,-5.549528E-07,2.561321E-07,0,0,0,0,0,0,0.1146081,0.09022272,-0.4104026,0.5702575,0.2411138,-0.2193036,-0.688357,1.430871E-06,0.2789544,-0.3112997,0.2480932,0.5051231,0.4366437,-0.6049428,-0.02607628,3.615197E-08,-6.175628E-06,7.168139E-07,-0.155467,-0.05125669,0.5305284,-0.06597877,0.9809055,-0.7222051,0.5215687,1.074332E-06,-1.422956E-06,-0.3541937,-0.3993179,0.2364839,0.05939225,-0.02334418,-0.09123741,0.62677,-0.9999995,-7.802498E-07,-0.9999995,-0.9999999,-0.9999999,1.432599E-06,-1.000001,-0.9999992,-0.9999999,4.319576E-07,-1,-0.9999989,-0.9999999,-4.477732E-07,-1,-1.000001,-0.9999996,2.610881E-06,-1.000001,-0.9999999,-0.9999992,-6.935553E-07,-0.9999986,-0.999999,-1,-9.923104E-07,-1,-0.9999997,-0.9999999,4.231919E-09,-1,-0.9999988,-0.9999943,-1.69532E-07,-0.9999998,-1.000002,-0.9999977,-1.19719E-06,-0.9999998,-1,0.04562734,0.127884,0.4875571,0.8624686,-0.2564328,0.01662979,0.003275658,0.9664134,0.1131856,0.2321523,-0.65539,0.7097594,0.1252351,-0.1569845,-0.7665188,0.6100172,9.774937E-09,0.01418314,9.003233E-11,1.646304E-09,0.01418314,4.501621E-11,8.231591E-10,0.02861735,-4.115763E-10,-4.115688E-10,0.02861733,1.234728E-09,
0,0.9361702,0,0.1089764,-0.08174252,0.1210913,0.9832494,4.268868E-08,4.695754E-07,4.268867E-08,-0.3660827,-0.3253413,0,-0.1226219,0.2901034,0.9442517,-6.830188E-07,8.537732E-08,-1.28066E-07,8.110848E-07,8.537735E-07,8.537735E-08,0,0,0,0,0,0,0.09523532,0.07051241,-0.3599297,0.5534433,0.2127662,-0.2264454,-0.6227044,1.225899E-06,0.2990882,-0.3029104,0.2115649,0.5075919,0.4572681,-0.5967,-0.09172666,2.41191E-07,3.735259E-08,-4.446737E-08,-0.0618432,-0.08351102,0.5053619,0.0132047,0.9120486,-0.7254332,0.3056683,-1.508333E-06,7.399369E-07,-0.2647879,-0.4903405,0.2874309,0.2580448,-0.03019623,-0.1327625,0.4389372,-0.9999994,-1.264818E-07,-0.9999995,-0.9999999,-0.9999999,-1.283527E-06,-1,-0.9999995,-0.9999998,4.181873E-06,-1,-0.9999989,-0.9999999,1.357571E-06,-0.9999996,-1.000001,-0.9999994,-1.325085E-06,-1.000001,-1.000001,-0.9999992,-6.935553E-07,-0.9999986,-0.999999,-0.9999999,1.114065E-07,-1.000001,-0.9999997,-0.9999996,4.231932E-09,-1.000002,-0.9999988,-0.9999956,1.10962E-07,-1,-0.9999995,-0.9999978,-2.513788E-08,-0.9999998,-1.000001,0.0938547,0.1076921,0.4638546,0.8743184,-0.1970075,0.01860027,-0.03387927,0.9796398,0.1057016,0.2158544,-0.6579975,0.7136339,0.1168695,-0.1706401,-0.7651678,0.6097062,9.774937E-09,0.01418314,9.003233E-11,1.646304E-09,0.01418314,4.501621E-11,8.231591E-10,0.02861735,-4.115763E-10,-4.115688E-10,0.02861733,1.234728E-09,
0,0.9361702,0,0.1084763,-0.0790965,0.1085853,0.9849802,4.268868E-08,4.695754E-07,4.268867E-08,-0.7309402,-0.1243209,-6.181816E-07,0.6140305,-0.01771209,1.066028,-1.024528E-06,1.707547E-07,0,1.536793E-06,5.976407E-07,1.28066E-06,0,0,0,0,0,0,0.1076824,0.05454777,-0.3585558,0.5834839,0.2211449,-0.1885289,-0.5652794,1.430871E-06,0.3540856,-0.3111382,0.1073019,0.546293,0.5224147,-0.5577942,-0.1697095,3.615197E-08,-1.120578E-06,7.915191E-07,-0.06179646,-0.01197148,0.4830754,-0.1152855,0.8887377,-0.6514497,0.140866,3.313708E-06,-4.937808E-14,-0.319395,-0.4512783,0.290652,0.1265381,-0.04673617,-0.1733771,0.5497574,-0.9999995,-7.802498E-07,-0.9999995,-0.9999999,-0.9999981,-1.178858E-06,-1,-0.9999998,-0.9999996,1.724599E-06,-0.9999998,-0.9999989,-1,-2.770666E-06,-1,-1.000001,-0.9999995,5.540443E-07,-1,-0.9999998,-0.9999956,-7.42472E-07,-0.999998,-0.999999,-0.9999999,5.40083E-07,-1,-0.9999997,-0.9999999,4.231919E-09,-1.000002,-0.9999972,-0.9999956,1.10962E-07,-1,-0.9999995,-0.9999977,-1.19719E-06,-0.9999998,-0.9999999,0.1122789,0.1065592,0.4032826,0.9018878,-0.2378543,0.02701071,-0.05418625,0.969412,0.09240785,0.2109849,-0.6472749,0.7266233,0.1166309,-0.1973309,-0.7540333,0.6155417,9.774937E-09,0.01418314,9.003233E-11,1.646304E-09,0.01418314,4.501621E-11,8.231591E-10,0.02861735,-4.115763E-10,-4.115688E-10,0.02861733,1.234728E-09,
0,0.9361702,0,0.107958,-0.07643975,0.09607363,0.9865454,4.268868E-08,4.268868E-08,0,-0.8055133,-0.0322244,-6.221068E-07,0.7735239,-0.1067466,1.124211,-1.024528E-06,1.707547E-07,0,-1.707547E-06,-1.152593E-06,9.818394E-07,0,0,0,0,0,0,0.1314396,0.0358889,-0.3913514,0.629149,0.2534944,-0.1352306,-0.5150747,1.225899E-06,0.4223627,-0.3246156,-0.04828041,0.5939267,0.6252474,-0.5051435,-0.2565898,3.615197E-08,-4.788246E-06,2.89927E-07,-0.05007166,0.003686897,0.4596776,-0.1530259,0.8233675,-0.5978618,-0.01113841,1.357144E-06,-5.691822E-08,-0.3275301,-0.4323622,0.2921664,0.07843027,-0.04433814,-0.2018991,0.5668193,-0.9999995,-7.802498E-07,-0.9999992,-0.9999999,-0.9999999,-1.283527E-06,-1.000001,-0.9999992,-0.9999995,7.286266E-06,-1,-0.9999989,-0.9999995,1.228835E-06,-1,-1.000001,-0.9999987,-1.280776E-06,-0.9999997,-0.9999991,-0.9999992,-6.935553E-07,-0.999998,-0.999999,-0.9999996,0,-1,-0.9999991,-0.9999999,4.231919E-09,-1.000001,-0.999998,-0.9999956,1.10962E-07,-1.000001,-1,-0.9999995,-3.843679E-08,-0.9999991,-1,0.1303861,0.08815882,0.3552276,0.9214341,-0.2457517,0.02690029,-0.07270612,0.9662279,0.07527754,0.2143226,-0.6316326,0.7412418,0.1242076,-0.2359344,-0.7374099,0.6205918,9.774937E-09,0.01418314,9.003233E-11,1.646304E-09,0.01418314,4.501621E-11,8.231591E-10,0.02861735,-4.115763E-10,-4.115688E-10,0.02861733,1.234728E-09,
0,0.9361702,0,0.1074226,-0.073774,0.08356266,0.9879448,4.268868E-08,4.695754E-07,4.268867E-08,-0.6792457,0.008886359,8.78351E-08,0.5341823,-0.09477703,1.161608,-5.12264E-07,-5.122641E-07,-1.28066E-07,8.537694E-08,1.579481E-06,-7.257074E-07,0,0,0,0,0,0,0.1703129,0.01280793,-0.4787998,0.685434,0.32248,-0.07763058,-0.4719158,1.430871E-06,0.4997787,-0.3380416,-0.2561537,0.6447693,0.7620258,-0.4445354,-0.3307977,3.615197E-08,3.041567E-07,3.587627E-06,-0.04185417,-0.004656276,0.4334493,-0.133185,0.738232,-0.5653731,-0.1606181,2.739189E-07,-1.422956E-06,-0.3330733,-0.4285863,0.2916861,0.08406732,-0.04819401,-0.2216816,0.5137086,-0.9999994,-1.264818E-07,-0.9999992,-0.9999996,-0.9999999,-1.283527E-06,-1,-0.9999995,-0.9999998,4.181873E-06,-1,-0.9999998,-1,-2.770666E-06,-1,-1.000001,-0.9999994,-1.325085E-06,-1,-0.9999989,-0.9999992,-6.935553E-07,-0.999998,-0.999999,-0.9999996,0,-1,-0.9999991,-0.9999999,4.231919E-09,-1.000002,-0.9999988,-0.9999976,-2.31067E-08,-1.000001,-1.000002,-0.9999995,-3.843679E-08,-0.9999991,-1,0.1537054,0.06020584,0.3210252,0.9325732,-0.2298075,0.02839657,-0.08878227,0.968762,0.0511427,0.2302236,-0.6144274,0.7529014,0.1413524,-0.2820721,-0.7164118,0.6222613,9.774937E-09,0.01418314,9.003233E-11,1.646304E-09,0.01418314,4.501621E-11,8.231591E-10,0.02861735,-4.115763E-10,-4.115688E-10,0.02861733,1.234728E-09,
0,0.9361702,0,0.1074226,-0.07377411,0.08356274,0.9879448,4.268868E-08,4.695754E-07,4.268867E-08,-0.4642844,0.07218909,1.384604E-06,0.1036801,-0.2188058,1.167818,-1.78111E-14,-5.976415E-07,8.537735E-08,-1.707547E-07,-1.707547E-07,5.122641E-07,0,0,0,0,0,0,0.1789143,0.01560716,-0.5129635,0.7089925,0.3469828,-0.04961034,-0.467921,1.430871E-06,0.5865428,-0.3665342,-0.5127509,0.7077595,0.9319518,-0.3978479,-0.3252337,3.615197E-08,-9.711673E-07,1.760908E-07,0.006902568,-0.03951622,0.3852829,-0.09159916,0.7255066,-0.5256275,-0.2527399,1.565251E-07,-1.366038E-06,-0.3440517,-0.4170143,0.3153074,0.1118578,-0.06551913,-0.2484044,0.4156022,-0.9999994,-1.264818E-07,-0.9999992,-0.9999999,-0.9999981,-1.178858E-06,-1.000001,-0.9999995,-0.999999,1.421679E-06,-0.9999998,-0.9999989,-0.9999999,-4.477732E-07,-1,-1.000001,-0.9999994,-1.325085E-06,-1.000001,-0.9999991,-0.9999983,-3.668769E-08,-0.9999986,-0.999999,-0.9999996,-1.061376E-06,-1,-0.9999999,-0.9999999,4.231919E-09,-1.000001,-0.999998,-0.9999956,1.10962E-07,-1,-1.000002,-0.9999995,-3.843679E-08,-0.9999998,-1,0.1696766,0.05818703,0.2853934,0.9414747,-0.2000493,0.03484103,-0.1112304,0.972828,0.04543451,0.2381448,-0.6053658,0.7581259,0.1852376,-0.3274217,-0.6917821,0.6163763,9.774937E-09,0.01418314,9.003233E-11,1.646304E-09,0.01418314,4.501621E-11,8.231591E-10,0.02861735,-4.115763E-10,-4.115688E-10,0.02861733,1.234728E-09,
0,0.9361702,0,0.07471839,-0.07362212,0.07305411,0.9917964,-3.434998E-14,7.683961E-07,-1.28066E-07,-0.5328473,0.08969626,-1.738338E-06,0.237294,-0.2778227,1.126598,-1.792924E-06,5.122641E-07,0,5.208016E-06,-2.09175E-06,2.475943E-06,0,0,0,0,0,0,0.2620623,0.003794873,-0.5011115,0.7120144,0.3376991,-0.1289119,-0.4193551,1.430871E-06,0.7134193,-0.3583204,-0.6725405,0.7382782,1.033436,-0.4220863,-0.4360892,2.41191E-07,-9.711673E-07,1.760908E-07,0.0009934274,-0.05196657,0.3254632,-0.04510732,0.6813436,-0.43927,-0.2978057,1.415841E-06,-1.366038E-06,-0.3847682,-0.3877071,0.3191575,0.1193922,-0.06775212,-0.2615725,0.5106569,-0.9999992,5.844123E-07,-0.9999995,-0.9999999,-0.9999981,-1.178858E-06,-1,-0.9999998,-0.9999999,4.319576E-07,-1.000001,-0.9999989,-1,-2.770666E-06,-1,-1.000001,-0.9999987,1.5915E-06,-1.000001,-0.9999983,-0.9999992,-6.935553E-07,-0.9999966,-0.9999996,-0.9999996,5.4167E-07,-1.000001,-0.9999991,-0.9999999,4.231919E-09,-1.000001,-0.9999988,-0.9999994,3.390648E-07,-1.000001,-1.000002,-0.9999995,-3.843679E-08,-0.9999991,-1,0.1580036,0.04550889,0.228944,0.9594522,-0.2327552,0.03680232,-0.1142232,0.9651029,0.03251047,0.2281358,-0.6319191,0.7399834,0.1947143,-0.3639022,-0.6963783,0.5871276,9.774937E-09,0.01418314,9.003233E-11,1.646304E-09,0.01418314,4.501621E-11,8.231591E-10,0.02861735,-4.115763E-10,-4.115688E-10,0.02861733,1.234728E-09,
0,0.9361702,0,0.02946362,-0.07521408,0.06133353,0.9948432,4.268868E-08,4.268868E-08,0,-0.6004655,0.08485043,-6.112707E-07,0.3683316,-0.3396364,1.09191,-1.536792E-06,8.53774E-08,8.537736E-08,2.049056E-06,-9.391512E-07,7.68396E-07,0,0,0,0,0,0,0.3661276,-0.00867793,-0.4541665,0.6987255,0.3024205,-0.2552942,-0.3626277,1.430871E-06,0.8435206,-0.3436982,-0.7445664,0.749438,1.078358,-0.4819885,-0.5901713,2.41191E-07,-3.020224E-06,-3.379521E-08,-0.02259674,-0.05983306,0.2561851,0.01790459,0.7431717,-0.4683883,-0.238696,-1.284218E-06,-1.422956E-06,-0.4504003,-0.3514855,0.3154379,0.1332462,-0.08593781,-0.2719681,0.4829783,-0.9999994,-1.264818E-07,-0.9999995,-0.9999999,-0.9999987,-1.240017E-06,-0.9999998,-0.9999995,-0.9999996,2.329032E-08,-1,-0.9999989,-1,-2.770666E-06,-1,-1.000001,-0.9999983,6.867442E-07,-1,-0.9999998,-0.9999956,-7.42472E-07,-0.999998,-0.9999993,-0.9999996,0,-1,-0.9999991,-0.9999996,4.231932E-09,-1.000001,-0.9999988,-0.9999956,1.16819E-06,-1,-1,-0.9999995,-3.843679E-08,-0.9999991,-0.9999999,0.1532577,0.06713986,0.2509614,0.9534268,-0.2253205,0.04374138,-0.1213628,0.9657062,0.02265609,0.2080445,-0.6727061,0.7096977,0.1845846,-0.3857322,-0.7171413,0.550316,9.774937E-09,0.01418314,9.003233E-11,1.646304E-09,0.01418314,4.501621E-11,8.231591E-10,0.02861735,-4.115763E-10,-4.115688E-10,0.02861733,1.234728E-09,
0,0.9361702,0,0.01131403,-0.0732291,0.05301275,0.9958409,4.268868E-08,4.695754E-07,4.268867E-08,-0.4492308,0.04261925,8.644724E-08,0.07242909,-0.2807181,1.016626,-1.536792E-06,8.53774E-08,8.537736E-08,-1.366038E-06,1.366037E-06,-8.110848E-07,0,0,0,0,0,0,0.399336,-0.01817322,-0.3779037,0.6749388,0.2468553,-0.3296431,-0.3071687,1.225899E-06,0.8722216,-0.3293051,-0.7019558,0.7304728,1.050291,-0.5065662,-0.687945,2.41191E-07,-1.814269E-06,-1.106348E-06,-0.05636242,-0.07272667,0.2065419,0.0469913,0.7695226,-0.5052311,-0.1897846,2.116646E-07,-3.154048E-15,-0.5033349,-0.3093188,0.3168704,0.09825956,-0.0965211,-0.2766551,0.4376804,-0.9999995,-7.802498E-07,-0.9999995,-0.9999999,-0.9999999,-1.283527E-06,-1,-0.9999992,-0.9999999,4.319576E-07,-1,-0.9999989,-0.9999989,1.148787E-06,-1,-1.000001,-0.9999999,-1.157257E-06,-1,-0.9999989,-0.9999992,2.529636E-07,-0.9999986,-0.999999,-0.9999996,0,-1,-0.9999991,-0.9999999,4.231919E-09,-1.000002,-0.9999993,-0.9999999,-3.024584E-07,-1,-1.000002,-0.9999982,-1.139106E-06,-0.9999998,-1,0.1508501,0.07486836,0.2786543,0.9455108,-0.2112797,0.04746221,-0.1264737,0.9680458,0.02220934,0.1842127,-0.6955642,0.6940915,0.1577644,-0.3865713,-0.7309397,0.5398149,9.774937E-09,0.01418314,9.003233E-11,1.646304E-09,0.01418314,4.501621E-11,8.231591E-10,0.02861735,-4.115763E-10,-4.115688E-10,0.02861733,1.234728E-09,
0,0.9361702,0,0.0004571974,-0.06503861,0.04724822,0.9967635,4.268868E-08,4.268868E-08,0,-0.4064216,0.0327,0,-0.02111426,-0.2769449,1.050646,-6.830188E-07,8.537732E-08,-1.28066E-07,-5.976414E-07,-5.12264E-07,2.988207E-07,0,0,0,0,0,0,0.4175871,-0.02181648,-0.3016974,0.6513037,0.1925683,-0.3880111,-0.2557664,1.430871E-06,0.8691905,-0.3147349,-0.6391624,0.7022522,1.011569,-0.5172997,-0.771512,3.615197E-08,1.737785E-06,3.674783E-06,-0.1118493,-0.02419823,0.1864031,-0.03505194,0.7498249,-0.4748779,-0.2285237,-1.437185E-06,5.691821E-08,-0.564804,-0.2623224,0.2923837,0.02650841,-0.07907037,-0.2799752,0.4492809,-0.9999995,1.566614E-06,-0.9999992,-0.9999999,-0.9999999,-1.283527E-06,-1.000001,-0.9999992,-0.9999996,2.329032E-08,-1,-0.9999998,-0.9999995,8.695475E-06,-1,-1.000001,-0.9999987,-1.280776E-06,-1,-0.9999991,-0.9999956,-7.42472E-07,-0.999998,-0.999999,-0.9999999,1.114065E-07,-0.9999993,-0.9999997,-0.9999999,4.231919E-09,-1.000002,-0.9999972,-0.9999956,1.10962E-07,-1,-0.9999995,-0.9999977,-1.19719E-06,-0.9999998,-1.000001,0.1523705,0.06918047,0.2560876,0.952059,-0.2145203,0.04094522,-0.1293862,0.9672454,0.0238119,0.1619396,-0.7132255,0.6815556,0.1287158,-0.3848085,-0.7402287,0.536112,9.774937E-09,0.01418314,9.003233E-11,1.646304E-09,0.01418314,4.501621E-11,8.231591E-10,0.02861735,-4.115763E-10,-4.115688E-10,0.02861733,1.234728E-09,
0,0.9361702,0,-0.01349223,-0.0610048,0.04176028,0.9971722,4.268868E-08,4.695754E-07,4.268867E-08,-0.4237085,0.02993871,0,-0.0005716984,-0.3038462,1.063791,-1.792924E-06,5.122641E-07,0,2.433254E-06,-5.122647E-07,7.68396E-07,0,0,0,0,0,0,0.4464404,-0.02609723,-0.2555092,0.6350016,0.1586775,-0.4433931,-0.2129485,1.225899E-06,0.8827192,-0.3062576,-0.6144734,0.6858447,0.9972503,-0.5321015,-0.8401245,3.615197E-08,-2.764092E-06,6.403301E-06,-0.1506109,0.002542745,0.1546584,-0.08439646,0.717863,-0.4443777,-0.2462362,-1.284218E-06,-1.422956E-06,-0.6080244,-0.2198574,0.2802247,-0.02229183,-0.06593926,-0.2895787,0.4651925,-0.9999994,-1.264818E-07,-0.9999995,-0.9999999,-0.9999999,-1.283527E-06,-1,-0.9999998,-0.9999996,1.724599E-06,-1.000001,-0.9999989,-0.9999995,-2.58138E-06,-1,-1.000001,-0.9999987,-1.280776E-06,-1,-0.9999991,-0.9999992,-6.935553E-07,-0.999997,-0.999999,-0.9999996,0,-1,-0.9999991,-0.9999999,1.421516E-06,-1,-0.9999988,-0.9999956,1.10962E-07,-1,-1,-0.9999995,-3.843679E-08,-0.9999991,-1,0.1470427,0.05867601,0.2366321,0.9586141,-0.2199092,0.03655005,-0.1363089,0.9652585,0.02211698,0.1471094,-0.7297727,0.6673092,0.11133,-0.3870032,-0.7475037,0.5282731,9.774937E-09,0.01418314,9.003233E-11,1.646304E-09,0.01418314,4.501621E-11,8.231591E-10,0.02861735,-4.115763E-10,-4.115688E-10,0.02861733,1.234728E-09,
0,0.9446809,0,-0.007712126,-0.05728228,0.03909296,0.9975626,4.268868E-08,4.695754E-07,4.268867E-08,-0.3124007,0.03995562,-6.012704E-07,-0.2223303,-0.3112427,1.030765,-1.024528E-06,1.707547E-07,0,-4.695754E-07,-4.695754E-07,0,0,0,0,0,0,0,0.4245637,-0.02764057,-0.2112045,0.6174726,0.1291496,-0.4495263,-0.185495,1.225899E-06,0.8374935,-0.3063784,-0.5848788,0.665177,0.9813756,-0.5122966,-0.837209,3.615197E-08,1.670194E-06,-1.207734E-06,-0.1735294,0.0008766578,0.1261284,-0.1153865,0.7340484,-0.4212537,-0.2268675,-1.437185E-06,5.691821E-08,-0.6315309,-0.1971821,0.2883464,-0.06006178,-0.070398,-0.2837503,0.4800306,-0.9999994,-1.264818E-07,-0.9999998,-0.9999999,-0.9999987,-2.610209E-07,-1,-0.9999995,-0.9999999,4.319576E-07,-1,-0.9999989,-0.9999978,1.287754E-06,-1,-1.000001,-0.9999961,-1.30416E-06,-1.000001,-0.9999998,-0.9999992,-6.935553E-07,-0.999998,-0.999999,-0.9999996,0,-1,-0.9999999,-0.9999999,4.231919E-09,-1.000002,-0.9999988,-0.9999977,4.144951E-06,-1,-1.000001,-0.9999995,-3.843679E-08,-0.9999991,-1,0.1367916,0.06552815,0.2239913,0.962716,-0.2245539,0.03809823,-0.1309143,0.9648759,0.02439878,0.1357663,-0.7315648,0.6676716,0.1040669,-0.3849084,-0.743333,0.5370956,9.774937E-09,0.01418314,9.003233E-11,1.646304E-09,0.01418314,4.501621E-11,8.231591E-10,0.02861735,-4.115763E-10,-4.115688E-10,0.02861733,1.234728E-09,
0,0.9446809,0,-0.01004538,-0.0551755,0.03581677,0.9977835,4.268868E-08,4.268868E-08,0,-0.3583716,0.05933761,1.721359E-07,-0.1320206,-0.3346518,1.043793,-1.792924E-06,5.122641E-07,0,1.323349E-06,-5.122639E-07,-4.268867E-07,0,0,0,0,0,0,0.5005838,-0.04457807,-0.3251655,0.6793891,0.2098889,-0.4240664,-0.1927565,1.225899E-06,0.8979119,-0.295433,-0.8089375,0.7397968,1.119468,-0.4643947,-0.7509857,-3.74393E-07,1.32157E-06,-1.015635E-06,-0.2364176,0.02323419,0.09296747,-0.1487721,0.6836446,-0.4090105,-0.3054205,-4.98746E-06,6.830188E-07,-0.6687291,-0.1640545,0.2839119,-0.08218596,-0.08565114,-0.3083532,0.4279757,-0.9999995,-7.802498E-07,-0.9999995,-0.9999999,-0.9999981,-1.724228E-07,-1,-0.9999992,-0.9999998,4.181873E-06,-0.9999992,-0.9999989,-1,-2.770666E-06,-1,-1.000001,-0.9999983,-2.036173E-06,-1,-0.9999989,-0.9999975,-8.444956E-07,-0.999998,-0.999999,-1,-9.923104E-07,-1.000001,-0.9999991,-0.9999996,4.231932E-09,-1.000002,-0.9999974,-0.9999958,1.469505E-06,-0.9999991,-1,-0.9999995,-3.843679E-08,-0.9999995,-1,0.1535019,0.04765367,0.2086588,0.9646906,-0.2102402,0.04397663,-0.1494445,0.9651588,0.003488436,0.1584054,-0.7244061,0.6709184,0.1592055,-0.4129243,-0.7190361,0.5358491,9.774937E-09,0.01418314,9.003233E-11,1.646304E-09,0.01418314,4.501621E-11,8.231591E-10,0.02861735,-4.115763E-10,-4.115688E-10,0.02861733,1.234728E-09,
0,0.9446809,0,-0.01654798,-0.05430587,0.03190364,0.9978774,4.268868E-08,4.695754E-07,4.268867E-08,-0.3818018,0.07239638,2.585048E-07,-0.08727182,-0.3496787,1.057425,-6.830188E-07,8.537732E-08,-1.28066E-07,1.536792E-06,-5.54954E-07,2.347877E-06,0,0,0,0,0,0,0.5056871,-0.04605692,-0.2794104,0.6612306,0.1773364,-0.45852,-0.1668335,4.058759E-07,0.8734918,-0.3025669,-0.7557154,0.7179793,1.089351,-0.4649695,-0.767857,2.41191E-07,1.015635E-06,2.824567E-06,-0.2659242,0.02719594,0.06101489,-0.1591111,0.6306772,-0.3822118,-0.4097014,-1.437185E-06,5.691821E-08,-0.6848785,-0.1617955,0.2895594,-0.07705108,-0.09584744,-0.3270541,0.3905909,-0.9999992,5.844123E-07,-0.9999992,-0.9999999,-0.9999999,-1.283527E-06,-1.000001,-0.9999992,-0.9999996,1.724599E-06,-1.000001,-0.9999989,-0.9999999,-4.477732E-07,-1,-1.000001,-0.9999994,-1.325085E-06,-0.9999997,-0.9999999,-0.9999956,-6.037609E-07,-0.999998,-0.999999,-0.9999999,5.40083E-07,-1,-0.9999997,-0.9999999,1.421516E-06,-1,-0.9999988,-0.9999956,1.10962E-07,-1,-1.000001,-0.9999995,-3.843679E-08,-0.9999998,-1,0.1754914,0.02947138,0.1814935,0.9671578,-0.2001534,0.0479524,-0.1636382,0.9648117,0.006101111,0.1459217,-0.7346186,0.6625746,0.1455015,-0.406894,-0.7224922,0.5396959,9.774937E-09,0.01418314,9.003233E-11,1.646304E-09,0.01418314,4.501621E-11,8.231591E-10,0.02861735,-4.115763E-10,-4.115688E-10,0.02861733,1.234728E-09,
0,0.9446809,0,-0.01387954,-0.05280059,0.02868027,0.9980967,4.268868E-08,4.268868E-08,0,-0.330248,0.08548735,-2.235625E-06,-0.1848469,-0.3508899,1.035172,-1.78111E-14,-5.976415E-07,8.537735E-08,-6.830186E-07,2.561327E-07,2.817452E-06,0,0,0,0,0,0,0.4899797,-0.04883558,-0.2419526,0.646514,0.1525936,-0.4661167,-0.1443911,1.225899E-06,0.8372594,-0.3059225,-0.7220253,0.7020743,1.070184,-0.4508789,-0.7601694,2.41191E-07,-1.814269E-06,-1.106348E-06,-0.2812292,0.01630893,0.03370055,-0.1546913,0.624346,-0.3728682,-0.4513059,1.565251E-07,-1.366038E-06,-0.6929881,-0.1668182,0.3014882,-0.0761334,-0.1098314,-0.346305,0.367176,-0.9999992,5.844123E-07,-0.9999998,-0.9999999,-1,-4.152448E-08,-1,-0.9999995,-0.999999,1.421679E-06,-0.9999998,-0.9999986,-1,-2.770666E-06,-1,-1.000001,-0.999998,-3.02813E-06,-1,-0.9999998,-0.9999994,-1.509403E-07,-0.999998,-0.9999993,-0.9999996,5.4167E-07,-1.000001,-0.9999994,-0.9999999,1.421516E-06,-1.000002,-0.9999988,-0.9999986,2.21924E-07,-1,-0.9999989,-0.9999996,3.791308E-07,-0.9999998,-1.000001,0.1859333,0.02777601,0.1706118,0.9672378,-0.1950947,0.05346245,-0.1770478,0.9631894,0.008095821,0.1365297,-0.736888,0.662035,0.1387758,-0.4028199,-0.7199404,0.5478715,9.774937E-09,0.01418314,9.003233E-11,1.646304E-09,0.01418314,4.501621E-11,8.231591E-10,0.02861735,-4.115763E-10,-4.115688E-10,0.02861733,1.234728E-09,
0,0.9446809,0,-0.010378,-0.04948186,0.02685158,0.99836,4.268868E-08,4.268868E-08,0,-0.3252547,0.1108914,-8.599418E-08,-0.1859672,-0.3805733,0.9959311,-1.024528E-06,1.707547E-07,0,3.415094E-07,4.695754E-07,8.537734E-08,0,0,0,0,0,0,0.4735607,-0.0501386,-0.2121353,0.6369908,0.1331657,-0.4647604,-0.1255829,1.225899E-06,0.8204136,-0.3054117,-0.7200534,0.696574,1.069968,-0.4379008,-0.7555507,3.615197E-08,-4.34713E-06,-4.492983E-06,-0.2960517,0.009641916,0.009941627,-0.1558016,0.611246,-0.345527,-0.4065571,3.272798E-06,-1.309119E-06,-0.6982,-0.1584749,0.3064573,-0.0978587,-0.1153133,-0.3618036,0.3703355,-0.9999995,-7.802498E-07,-0.9999992,-0.9999996,-0.9999999,3.787222E-07,-1.000001,-0.9999995,-0.9999999,4.319576E-07,-1,-0.9999989,-1,-2.770666E-06,-1,-1.000001,-0.9999997,-1.909144E-06,-1.000001,-0.9999991,-0.9999992,-6.935553E-07,-0.999998,-0.9999993,-0.9999999,5.40083E-07,-0.9999993,-0.9999999,-0.9999996,4.231932E-09,-1.000002,-0.9999985,-0.9999956,1.10962E-07,-1,-1.000002,-0.9999995,-3.843679E-08,-0.9999991,-1.000001,0.165208,0.02323085,0.1597291,0.9729611,-0.1979113,0.05584684,-0.1868043,0.9606333,0.009593184,0.1291048,-0.7365381,0.6638913,0.1375783,-0.403467,-0.7164894,0.5522043,9.774937E-09,0.01418314,9.003233E-11,1.646304E-09,0.01418314,4.501621E-11,8.231591E-10,0.02861735,-4.115763E-10,-4.115688E-10,0.02861733,1.234728E-09,
0,0.9446809,0,-0.009053379,-0.04819485,0.02472045,0.9984909,4.268868E-08,4.268868E-08,0,-0.3373137,0.1201475,-1.54885E-06,-0.1608195,-0.3879966,0.9925999,-1.792924E-06,5.122641E-07,0,7.683965E-07,7.683958E-07,1.494104E-06,0,0,0,0,0,0,0.4675063,-0.05508341,-0.2041988,0.6363925,0.1294456,-0.4590062,-0.1121027,1.225899E-06,0.8245359,-0.300033,-0.7286152,0.6976506,1.07487,-0.4340072,-0.765352,2.41191E-07,9.569378E-07,9.693888E-07,-0.3032174,0.009294333,0.002904951,-0.155702,0.6100943,-0.3499385,-0.4021651,6.047561E-08,7.399369E-07,-0.6939417,-0.1567229,0.3031828,-0.110772,-0.1075549,-0.3796119,0.3789816,-0.9999995,-7.802498E-07,-0.9999995,-0.9999999,-1,-4.152448E-08,-1,-0.9999995,-0.9999999,4.319576E-07,-1,-0.9999998,-1,-2.770666E-06,-0.999999,-1.000001,-0.9999994,-1.325085E-06,-1.000001,-0.9999991,-0.9999992,-6.935553E-07,-0.999998,-0.999999,-0.9999996,5.4167E-07,-1,-0.9999991,-1,-2.821872E-06,-1.000002,-0.9999985,-0.9999958,7.305882E-06,-1,-1,-0.9999996,3.791308E-07,-0.9999998,-1.000001,0.1647277,0.02261422,0.1631742,0.9724853,-0.201708,0.05333327,-0.1987684,0.9575806,0.007893079,0.1263247,-0.7349327,0.6662236,0.1363471,-0.4060024,-0.7156783,0.551703,9.774937E-09,0.01418314,9.003233E-11,1.646304E-09,0.01418314,4.501621E-11,8.231591E-10,0.02861735,-4.115763E-10,-4.115688E-10,0.02861733,1.234728E-09,
0,0.9446809,0,-0.01043409,-0.04698133,0.02261363,0.9985852,4.268868E-08,4.695754E-07,4.268867E-08,-0.3523956,0.1305115,0,-0.1370149,-0.4177796,1.013801,-1.024528E-06,1.707547E-07,0,-8.964621E-07,8.110848E-07,0,0,0,0,0,0,0,0.4684244,-0.06032115,-0.2018737,0.638984,0.1292758,-0.4551696,-0.09964217,1.430871E-06,0.8461521,-0.2915272,-0.7532169,0.7046826,1.089215,-0.4355019,-0.7854158,2.41191E-07,1.289554E-06,3.151847E-06,-0.297387,0.01028066,0.001539676,-0.1492529,0.5986002,-0.3354358,-0.383303,1.915654E-06,2.219811E-06,-0.6837857,-0.1670304,0.2964582,-0.1043808,-0.1044531,-0.3879311,0.3860238,-0.9999995,-7.802498E-07,-0.9999992,-0.9999999,-0.9999999,-1.283527E-06,-1,-0.9999995,-0.9999996,-2.945015E-06,-1.000001,-0.9999989,-0.9999999,-4.477732E-07,-1,-1.000001,-0.9999996,1.563576E-08,-1,-0.9999989,-0.9999992,-6.935553E-07,-0.9999956,-0.9999993,-1,-9.923104E-07,-1,-0.9999997,-0.9999997,-2.700499E-06,-1.000001,-0.9999988,-0.9999956,1.10962E-07,-1,-1.000001,-0.9999998,8.871248E-08,-0.9999998,-1,0.1547221,0.01834924,0.1572383,0.9751925,-0.204458,0.05237133,-0.2040956,0.9559285,0.005305861,0.1246491,-0.7338815,0.6677219,0.1366648,-0.4112994,-0.716134,0.5470902,9.774937E-09,0.01418314,9.003233E-11,1.646304E-09,0.01418314,4.501621E-11,8.231591E-10,0.02861735,-4.115763E-10,-4.115688E-10,0.02861733,1.234728E-09,
0,0.9446809,0,-0.0001784563,-0.04564804,0.02058826,0.9987454,4.268868E-08,4.268868E-08,0,-0.2871444,0.1284099,-8.589344E-08,-0.2671877,-0.3861644,1.015501,-1.024528E-06,1.707547E-07,0,-8.537729E-08,1.28066E-07,1.067217E-06,0,0,0,0,0,0,0.4410507,-0.0682331,-0.1992142,0.6427406,0.1319779,-0.4208504,-0.08880366,1.430871E-06,0.8423135,-0.2804009,-0.7713171,0.7106596,1.098414,-0.4197944,-0.7801338,3.615197E-08,-1.120578E-06,7.915191E-07,-0.2941256,0.002450014,0.00825562,-0.1419387,0.5905877,-0.3242646,-0.3783351,9.60495E-08,0,-0.6599267,-0.1801945,0.2917803,-0.1128687,-0.09768,-0.3787047,0.3781359,-0.9999995,-7.802498E-07,-0.9999995,-0.9999999,-0.9999987,-1.240017E-06,-1.000001,-0.9999995,-0.9999998,-2.596548E-06,-1.000001,-0.9999998,-1,-2.770666E-06,-1,-1.000001,-0.9999996,1.563576E-08,-1.000001,-0.9999998,-0.9999992,-6.935553E-07,-0.999998,-0.9999993,-0.9999996,0,-1,-0.9999991,-0.9999999,1.421516E-06,-1,-0.9999988,-0.9999958,1.469505E-06,-1,-1,-0.9999995,-3.843679E-08,-0.9999998,-1,0.1504475,0.01569031,0.150863,0.9769135,-0.2005873,0.04959346,-0.1989957,0.9579697,0.003057304,0.1239002,-0.7237972,0.6787909,0.1383267,-0.4146763,-0.7112213,0.5505213,9.774937E-09,0.01418314,9.003233E-11,1.646304E-09,0.01418314,4.501621E-11,8.231591E-10,0.02861735,-4.115763E-10,-4.115688E-10,0.02861733,1.234728E-09,
0,0.9446809,0,0.001833141,-0.04094228,0.01957737,0.998968,4.268868E-08,4.695754E-07,4.268867E-08,-0.3337543,0.1624197,8.609651E-07,-0.1764849,-0.4625436,1.013628,-1.792924E-06,5.122641E-07,0,9.818395E-07,-5.976412E-07,-3.415094E-07,0,0,0,0,0,0,0.4353307,-0.07228708,-0.1971557,0.6488491,0.1324683,-0.4050447,-0.07805085,1.225899E-06,0.8683912,-0.267467,-0.8205007,0.724922,1.127393,-0.4153007,-0.7928515,3.615197E-08,-5.869693E-06,1.133028E-06,-0.2876448,0.01152296,0.009464575,-0.1494549,0.5969157,-0.3220986,-0.3638995,-1.437185E-06,5.691821E-08,-0.6546005,-0.1821947,0.2815683,-0.1281863,-0.09138516,-0.3770009,0.4117794,-0.9999994,-1.264818E-07,-0.9999998,-0.9999999,-0.9999999,-1.283527E-06,-1.000001,-0.9999995,-0.9999998,1.50537E-06,-1,-0.9999989,-1,-2.770666E-06,-0.9999996,-1.000001,-0.999998,-3.02813E-06,-1,-0.9999998,-0.9999992,-6.935553E-07,-0.999998,-0.9999993,-0.9999996,0,-1.000001,-0.9999997,-0.9999999,4.231919E-09,-1,-0.9999988,-0.9999999,-3.029154E-06,-1,-0.9999989,-0.9999977,-1.19719E-06,-0.9999998,-1,0.1457873,0.01803832,0.1508785,0.9775769,-0.2109308,0.04747212,-0.196186,0.9564338,0.001079073,0.1223585,-0.7191364,0.6840104,0.1439882,-0.4234869,-0.7087391,0.5455412,9.774937E-09,0.01418314,9.003233E-11,1.646304E-09,0.01418314,4.501621E-11,8.231591E-10,0.02861735,-4.115763E-10,-4.115688E-10,0.02861733,1.234728E-09,
0,0.9446809,0,0.00257048,-0.03478774,0.01879058,0.9992148,4.268868E-08,4.268868E-08,0,-0.3411679,0.1623349,-1.808576E-06,-0.1572987,-0.474513,0.971617,-6.830188E-07,8.537732E-08,-1.28066E-07,8.110848E-07,-4.268904E-08,1.28066E-06,0,0,0,0,0,0,0.4340659,-0.07516102,-0.1953071,0.6563566,0.1325072,-0.3916589,-0.0675511,1.430871E-06,0.9009079,-0.2507123,-0.8867989,0.7434735,1.166543,-0.41091,-0.8065975,3.615197E-08,1.04943E-07,3.21588E-06,-0.2759424,0.001503526,0.008692659,-0.129009,0.5979623,-0.3202856,-0.3427214,3.313708E-06,-4.937808E-14,-0.6321138,-0.1904848,0.2788628,-0.1241983,-0.07320384,-0.3625034,0.4441027,-0.9999973,2.217367E-06,-0.9999995,-0.9999999,-0.9999987,-1.240017E-06,-0.9999994,-0.9999995,-0.9999996,2.329032E-08,-0.9999992,-0.9999989,-1,-2.770666E-06,-1,-1.000001,-0.9999994,-1.325085E-06,-1.000001,-0.9999983,-0.9999956,-6.037609E-07,-0.999998,-0.9999993,-0.9999999,1.114065E-07,-1,-0.9999997,-0.9999999,4.231919E-09,-1,-0.9999988,-0.9999969,-2.310677E-08,-1,-1,-0.9999995,-3.843679E-08,-0.9999998,-1,0.1387566,0.01828397,0.1522572,0.9783813,-0.2189956,0.04058787,-0.1859093,0.9569907,-0.0009230523,0.1209866,-0.7151485,0.6884214,0.1530226,-0.4350756,-0.7054204,0.538215,9.774937E-09,0.01418314,9.003233E-11,1.646304E-09,0.01418314,4.501621E-11,8.231591E-10,0.02861735,-4.115763E-10,-4.115688E-10,0.02861733,1.234728E-09,
0,0.9446809,0,0.003947645,-0.03026473,0.01870193,0.9993591,4.268868E-08,4.695754E-07,4.268867E-08,-0.3370951,0.1577202,1.119306E-06,-0.1605578,-0.4686913,0.9551806,-6.830188E-07,8.537732E-08,-1.28066E-07,-1.195283E-06,-1.024528E-06,1.707547E-07,0,0,0,0,0,0,0.4304294,-0.07711864,-0.1958914,0.6630394,0.1341212,-0.3773153,-0.06169977,1.430871E-06,0.9347469,-0.2329763,-0.9709476,0.7680176,1.215938,-0.40825,-0.806785,2.41191E-07,-4.677967E-06,-1.061881E-06,-0.2675552,-0.006585782,0.01127747,-0.1102639,0.6093566,-0.3182698,-0.3218747,-1.284218E-06,-1.422956E-06,-0.6045222,-0.2018895,0.2740647,-0.113885,-0.05543067,-0.3487832,0.4623233,-0.9999992,5.844123E-07,-0.9999995,-0.9999999,-0.9999999,-1.283527E-06,-1,-0.9999992,-0.9999996,1.724599E-06,-1,-0.9999989,-0.9999993,-5.543054E-06,-1,-1.000001,-0.9999987,-1.280776E-06,-1.000001,-0.9999983,-0.9999992,-6.935553E-07,-0.999998,-0.999998,-0.9999996,0,-1.000001,-0.9999994,-0.9999999,4.231919E-09,-1.000002,-0.9999988,-0.9999969,-2.310677E-08,-0.9999991,-0.9999995,-0.9999995,-3.843679E-08,-0.9999998,-1,0.1323953,0.02251622,0.1529278,0.9790698,-0.2226951,0.03373779,-0.177081,0.9580767,-0.002323563,0.1206552,-0.7108222,0.6929421,0.1696965,-0.4484145,-0.7003569,0.5287983,9.774937E-09,0.01418314,9.003233E-11,1.646304E-09,0.01418314,4.501621E-11,8.231591E-10,0.02861735,-4.115763E-10,-4.115688E-10,0.02861733,1.234728E-09,
0,0.9446809,0,0.003547132,-0.02357096,0.01865572,0.9995419,4.268868E-08,4.268868E-08,0,-0.347546,0.1471004,2.153034E-06,-0.1380459,-0.4570656,0.9295691,-6.830188E-07,8.537732E-08,-1.28066E-07,1.237972E-06,-9.818389E-07,-9.391507E-07,0,0,0,0,0,0,0.4328784,-0.07766087,-0.1938525,0.6696865,0.1330705,-0.3692757,-0.05461441,1.430871E-06,0.9651085,-0.211311,-1.053,0.7908051,1.263386,-0.4064024,-0.8121669,2.41191E-07,-6.204087E-06,-9.604955E-07,-0.2633229,-0.01276286,0.01359497,-0.09462381,0.6281141,-0.3323233,-0.2838885,2.739189E-07,-1.422956E-06,-0.5800556,-0.2109611,0.2698972,-0.1023202,-0.04750807,-0.3356581,0.434297,-0.9999995,-7.802498E-07,-0.9999995,-0.9999996,-1,-4.152448E-08,-1,-0.9999995,-0.9999996,-2.945015E-06,-0.9999994,-0.9999989,-0.9999999,-4.477732E-07,-1,-1,-0.9999994,-1.325085E-06,-1.000001,-0.9999991,-0.9999992,-6.935553E-07,-0.999998,-0.999999,-0.9999999,1.114065E-07,-1.000001,-0.9999997,-0.9999999,4.231919E-09,-1.000002,-0.9999988,-0.9999956,1.10962E-07,-1,-0.9999989,-0.9999982,-2.693114E-07,-0.9999998,-1,0.1247797,0.02890723,0.1657407,0.9778162,-0.2120403,0.03020126,-0.1706118,0.9617788,-0.00341807,0.1194505,-0.7083978,0.6956239,0.1863431,-0.4626348,-0.6950991,0.517767,9.774937E-09,0.01418314,9.003233E-11,1.646304E-09,0.01418314,4.501621E-11,8.231591E-10,0.02861735,-4.115763E-10,-4.115688E-10,0.02861733,1.234728E-09,
